time,temperature (degr C),temperature2 (degr C),rotor_speed (rpm)
2020-01-01,25.761553501215204,30.367486256785654,0.19476334112315896
2020-01-02,28.69177607622504,23.509403302653517,0.13554891638585584
2020-01-03,25.03541315632271,24.08925903022388,0.16518823861084383
2020-01-04,18.494003203112,26.267604065331323,0.16379722031942082
2020-01-05,24.48330680986675,29.42525522090962,0.22467834466145503
2020-01-06,29.920116993051895,21.024046782107625,0.09744147934829467
2020-01-07,29.46228276138015,36.26108970526338,0.19162170520250077
2020-01-08,27.988278599919283,21.326169703618184,0.1624003536690964
2020-01-09,19.191169312341845,25.84535309308546,0.15577062383199144
2020-01-10,27.47594539372396,19.7965049483995,0.19813746284745426
2020-01-11,21.452170716770567,38.75073127739751,0.1776983227471166
2020-01-12,28.910089113444144,29.73291203460157,0.15277603991532085
2020-01-13,37.992995630093354,18.036715482155543,0.10025200623300151
2020-01-14,32.327082788443064,30.58894953700092,0.12883718183047246
2020-01-15,30.21866375606448,21.0995164021527,0.19542277189463492
2020-01-16,26.900588990047194,24.540996539337154,0.15212027431374767
2020-01-17,35.74918543761185,19.338118358757683,0.13712150131380357
2020-01-18,28.805390715246084,28.519085091910362,0.15376688891457105
2020-01-19,21.037133002674068,17.463490539838432,0.14201305656698995
2020-01-20,26.951277679459068,19.46298782714087,0.12425726906188571
2020-01-21,26.03753355989122,25.378101859107943,0.12734857882392164
2020-01-22,36.90206539685413,30.608751660705213,0.1766130998917481
2020-01-23,33.83799434175461,27.729044244388557,0.06320682388413053
2020-01-24,22.01895871781585,22.049993043818876,0.10513130574414735
2020-01-25,21.010392659813718,23.55865750588194,0.12138695278312842
2020-01-26,19.795576741088638,22.74036118866125,0.17546412376765644
2020-01-27,14.837621078598067,21.0082438169655,0.18875351661236323
2020-01-28,29.639042974836205,35.76135918589165,0.15742181439452987
2020-01-29,37.10419065588368,18.286129527873946,0.1266042598098369
2020-01-30,31.017299590913446,21.762073865962236,0.16064959362045872
2020-01-31,30.539402205399654,28.644626137846235,0.13303161861329302
2020-02-01,24.62744602823117,25.017836357155552,0.18023711320046965
2020-02-02,34.573180926074876,20.982676075176794,0.1204277438601393
2020-02-03,34.567604073015865,28.611872000828615,0.1437187478635825
2020-02-04,29.122451371943544,25.741214901341735,0.14551323811075748
2020-02-05,26.107757090223206,35.837183948361144,0.13692465926606961
2020-02-06,25.355859400630518,25.9577527034353,0.14549836872742286
2020-02-07,19.846072549270012,37.27831756600011,0.0952730961325105
2020-02-08,31.93229830610386,20.323573094274124,0.1826410263523046
2020-02-09,24.908709624436728,40.262158441077936,0.21280296301979232
2020-02-10,34.95414238595845,26.008814705137638,0.14053160538633228
2020-02-11,29.293050750099475,23.79575784938155,0.14056603080570385
2020-02-12,25.828545896737026,26.23858015745459,0.10056067164929308
2020-02-13,25.54915400686342,23.433300512978956,0.27363641656516274
2020-02-14,33.71112213342124,24.918686990245043,0.22404742929494395
2020-02-15,24.162680995481065,36.99951061230422,0.1788045384919226
2020-02-16,28.63448579763751,26.22880274452414,0.11730539045768623
2020-02-17,25.6693867739246,25.76118693531523,0.17056880386626738
2020-02-18,22.95583279945152,28.08874072099242,0.15348533731503727
2020-02-19,30.04972444166789,22.080893189391997,0.17991359804295556
2020-02-20,23.21724136044987,34.382392400554835,0.20196163551364557
2020-02-21,34.97815851369908,30.527531722083417,0.16751486886529382
2020-02-22,24.70327378611843,28.95962614307404,0.1128196682881322
2020-02-23,32.35573839579198,23.681827591982344,0.18335414171064704
2020-02-24,38.046663903984324,27.76542796221807,0.16303192674364486
2020-02-25,31.284952992734514,30.513176164915293,0.17503362935105432
2020-02-26,31.828592807969827,27.812609294787652,0.11062804820452128
2020-02-27,8.937342124397578,30.409549488184688,0.1565330066043466
2020-02-28,25.42681476611934,29.667966636043268,0.17451158022879235
2020-02-29,32.280654926515055,24.52998749277059,0.16904157345122214
2020-03-01,25.906921851884746,39.54696189722888,0.1970852270028164
2020-03-02,12.063931686652479,29.138958046441246,0.12228452695048406
2020-03-03,35.609467001709945,25.821672739783754,0.17569322728148318
2020-03-04,28.181984471115264,31.151979073121474,0.19667833432283935
2020-03-05,27.049237011170984,29.204045615914623,0.1377438125763752
2020-03-06,36.97603988729826,28.98538072770155,0.18476068574071447
2020-03-07,31.433633228411786,29.816851215661693,0.19266976314777648
2020-03-08,29.58582030631213,20.679834327617563,0.17292517251135528
2020-03-09,32.52199955544177,28.74945789313935,0.21817853800537163
2020-03-10,24.28373515474863,32.56929222463425,0.15894452214678115
2020-03-11,28.94204268833561,36.04442319869915,0.1214287990524211
2020-03-12,28.432801501187026,37.83877450808736,0.12266812285608994
2020-03-13,26.48910615538002,35.98097346663408,0.16563080275736758
2020-03-14,33.92840905815841,33.412081487291815,0.07681180010335605
2020-03-15,32.33080961470431,24.507252773800047,0.18325818265573773
2020-03-16,23.29496243786951,34.15776156011499,0.14415292607447933
2020-03-17,33.117913485790524,30.38147786447668,0.17170102235239743
2020-03-18,29.882446266721985,29.5679919662869,0.11436186255237016
2020-03-19,30.141020556700248,27.727723659929428,0.1551811054641152
2020-03-20,41.89202280449349,29.552040040703773,0.21500319319241032
2020-03-21,33.696983211632045,35.033710511194144,0.17630699032778818
2020-03-22,34.285421035975034,33.19029953994308,0.1654160515863243
2020-03-23,29.438446818035686,36.56931751151396,0.13417317201596454
2020-03-24,33.22563397730608,34.7236743054157,0.2430174001775165
2020-03-25,28.73514834193691,29.73783061213084,0.1959342233337506
2020-03-26,27.12600663670633,29.255703644018645,0.20857262062874576
2020-03-27,33.153447380407705,26.82342480161212,0.15789797114088522
2020-03-28,40.085718208308826,32.46882200761276,0.13999839332705732
2020-03-29,29.493661377873483,32.367347443088484,0.11708505005351522
2020-03-30,30.361743776497324,37.027479879853246,0.16005930773012506
2020-03-31,36.78654984916062,34.79174951556808,0.1258018421159344
2020-04-01,23.211246333017154,37.8746337758864,0.24084656771987084
2020-04-02,30.184366544827625,34.66455635441274,0.11862121092464932
2020-04-03,39.81749791763051,35.0399233468642,0.10667656743722315
2020-04-04,46.184164953319616,26.97337652197648,0.18357440769285616
2020-04-05,29.797569650616666,32.879171316373295,0.14280178803666038
2020-04-06,31.93325130637951,31.141784339230053,0.21863770193328855
2020-04-07,33.695845723359724,34.85320752073981,0.19863856305917138
2020-04-08,40.78352582230494,26.351263906388933,0.13627178504869816
2020-04-09,23.20624985222373,33.307333772866485,0.1806307086047604
2020-04-10,17.200455309769872,35.522996121100135,0.08983856217105557
2020-04-11,40.8475881942842,32.76290371010242,0.1582583927429438
2020-04-12,30.652866243037852,33.245992553465584,0.20755663562231405
2020-04-13,35.98390306571465,34.0781823160732,0.16184317310551288
2020-04-14,29.96950047273063,33.30604888082118,0.17242544653019765
2020-04-15,36.509032186953924,35.831469073570524,0.10724804538365482
2020-04-16,34.7875081523062,38.41333448390129,0.19012932428880833
2020-04-17,30.668314668178034,34.77306761867617,0.22236895759591696
2020-04-18,35.67954893290588,30.712838781083427,0.14834932432118522
2020-04-19,25.112554000207826,32.62067233255381,0.10367455363016023
2020-04-20,29.85609690564785,33.89776590763828,0.1146288864762556
2020-04-21,29.59745591587559,37.35187763822961,0.12238705649926081
2020-04-22,30.52704309912597,37.98565600907346,0.14452850672120443
2020-04-23,51.50598952011609,36.7387160754702,0.11568074790474486
2020-04-24,31.91118896571761,34.808361112440814,0.09267577305060734
2020-04-25,34.16306376561391,34.34648382428694,0.1534657131993028
2020-04-26,37.98051026158747,28.146099472313445,0.22674604049734398
2020-04-27,32.39659498321593,31.66174442383504,0.23925147341281766
2020-04-28,23.2546035289015,39.01179264819788,0.18910762587710842
2020-04-29,38.498955461191805,39.414663766732964,0.14000233684986654
2020-04-30,33.19453401467157,32.37460986596382,0.17607093360069181
2020-05-01,35.09416085290721,41.61588721692136,0.1130977062056478
2020-05-02,36.670041406196766,38.6922847315812,0.13891591126922484
2020-05-03,27.414424128764786,34.6541549054728,0.14276513093558266
2020-05-04,34.248437696609415,26.97280498984093,0.1486794076189292
2020-05-05,35.95342946997196,40.18279019171665,0.09689445151220873
2020-05-06,35.7122709611262,38.277371612221394,0.12293936311697999
2020-05-07,40.260516293197426,41.214458267143414,0.17098236357924515
2020-05-08,29.117526341114434,27.599010325917803,0.1783060447273869
2020-05-09,37.28131339702553,31.776836590454458,0.13993812275936626
2020-05-10,29.187475911530345,41.170179842972175,0.1408816785288807
2020-05-11,31.353473224050816,30.397905570500008,0.12452039897680194
2020-05-12,32.65440657204296,39.109032937934224,0.0937761501330824
2020-05-13,35.909752860015075,31.86992536664752,0.13770443894881101
2020-05-14,32.430305563849,39.79985836772576,0.16670963484313123
2020-05-15,27.95190453192498,38.832987086898264,0.18007677594162658
2020-05-16,44.76846574653719,33.79168085396882,0.1730728557715581
2020-05-17,36.93051824430519,39.78927759598848,0.11971253809945198
2020-05-18,32.25166030458348,26.10565363505852,0.1526943272109122
2020-05-19,36.2967137325309,36.024560131590036,0.1458921905386743
2020-05-20,36.44247885208847,34.897194899523896,0.13161440113585
2020-05-21,34.64705071267352,39.431078877621296,0.1984221915982453
2020-05-22,42.30477221801615,39.211468330607175,0.1258075743850525
2020-05-23,30.5729963530216,43.61404357527547,0.12174941893720505
2020-05-24,29.33808592733543,40.19329265582412,0.2093538931477016
2020-05-25,24.80375409520813,27.96723709612965,0.11989683479447877
2020-05-26,29.739515884597033,23.159780014565317,0.18536531383431526
2020-05-27,34.893811655362235,34.98970831569383,0.0756159512221802
2020-05-28,34.86774567817463,26.272032801097954,0.19579068360126797
2020-05-29,40.69916461470946,33.13812707741896,0.106013747558096
2020-05-30,33.14585771619064,37.412726468375666,0.17664499958617566
2020-05-31,39.76850962025176,36.27008485959716,0.12551583676115252
2020-06-01,34.07902860353293,39.51453686030689,0.17389866673743962
2020-06-02,37.86152252354758,17.919770164851215,0.1860400668542589
2020-06-03,42.90197410579976,40.66429517367164,0.1745263898436549
2020-06-04,32.47984218101534,35.82003439172989,0.14236240755910093
2020-06-05,35.31772545485947,31.002931035348,0.16503655923561705
2020-06-06,41.583836638381456,37.89724002098716,0.16309263257497542
2020-06-07,44.48617769502633,38.68311316984155,0.22120814215884205
2020-06-08,33.19065691680454,33.97876296208863,0.16954748005164838
2020-06-09,40.920866559048065,37.038255682355256,0.17978165907096166
2020-06-10,40.219465756819666,36.843920765691664,0.1673250526712016
2020-06-11,33.291849233696105,29.763232598686336,0.16022766614824027
2020-06-12,36.173047891917946,45.591543699222804,0.2547926861552643
2020-06-13,34.587887294813754,39.25375940807021,0.15792799767802507
2020-06-14,26.842269612615397,28.593126124117457,0.13402435862833345
2020-06-15,42.39934616383604,36.503882359419904,0.27951047754399794
2020-06-16,38.903398140359904,26.874346927941797,0.14767357991853416
2020-06-17,37.34235133176578,39.915644378225515,0.19090052215682776
2020-06-18,49.30720034718676,34.52511959682417,0.149266043677437
2020-06-19,30.42467250356623,33.685549312022964,0.10118043937897894
2020-06-20,33.84413347473674,40.93837879228937,0.07984944718081252
2020-06-21,35.00504086549111,44.3771168809726,0.19379340338151757
2020-06-22,37.26938331179623,38.44021292873035,0.1248494948567299
2020-06-23,35.34089537796644,32.09766342752316,0.10260582868375917
2020-06-24,39.27732269161237,48.19603370655781,0.2176877767456749
2020-06-25,32.36848028404121,37.63895796977094,0.10902366224618892
2020-06-26,36.89728146256388,37.8920680550418,0.13361327007361312
2020-06-27,46.282244631375306,41.01612804442942,0.15402106661335485
2020-06-28,42.12430431845653,28.2252664709009,0.14551743189997118
2020-06-29,33.692903228857645,32.89129165826796,0.21047554304755062
2020-06-30,32.539138046604826,27.676339396883094,0.21326669681676752
2020-07-01,32.65566289032317,33.75865772237122,0.16291529474673705
2020-07-02,37.01129198690765,43.59697534230397,0.13421955372998298
2020-07-03,38.52033340823461,33.09693710169057,0.05957827747443645
2020-07-04,32.3871879723574,36.22661077228556,0.13068683141010504
2020-07-05,44.03968865901819,40.66050600917552,0.14914695146018406
2020-07-06,36.50823018216999,36.33206002929878,0.1331188002896708
2020-07-07,31.10148641629555,39.014630133489376,0.18111387438395293
2020-07-08,41.059508245035204,33.20384089304423,0.15380265158262463
2020-07-09,39.1957626414099,38.65660792153281,0.12244937700202456
2020-07-10,33.54851094461647,33.801866205106634,0.16452474986371748
2020-07-11,29.43258180714485,34.200949069943405,0.15788024503847572
2020-07-12,37.80833384159241,31.645190983986197,0.18261121132645422
2020-07-13,36.93137735186075,29.456123132762492,0.15060629850351576
2020-07-14,29.19416910155644,26.479347269575268,0.13768327834812644
2020-07-15,28.977043395290146,34.0007134520745,0.15036480862011212
2020-07-16,46.82019270198986,40.74013391783484,0.1420185582590437
2020-07-17,39.09415604556312,38.08673268244924,0.11573148830074412
2020-07-18,41.930059061569736,42.1674480470989,0.16802643211084115
2020-07-19,34.48513008826497,34.50411166165909,0.15251354461299352
2020-07-20,31.963812361702857,33.34565108446033,0.12266880523177924
2020-07-21,33.627062473263365,33.79011936988978,0.12704895334154856
2020-07-22,29.860105924637672,39.07826386931766,0.10765754566551038
2020-07-23,34.044779938083636,40.9796816205681,0.13290199450779358
2020-07-24,39.83422862206146,36.582672477493574,0.17250072354998686
2020-07-25,34.35812306994178,35.23307966358114,0.15442617034733047
2020-07-26,39.2944206366558,43.50177341606556,0.14685019831124918
2020-07-27,27.76949236378365,40.47799496594352,0.12654530425406524
2020-07-28,33.3807399744577,44.608475532301966,0.2557160671107959
2020-07-29,36.03338040294836,34.28950072046153,0.08862822777865845
2020-07-30,31.04995028910095,33.317485020553455,0.15442396179754136
2020-07-31,38.461168900897704,39.168549962479744,0.17670803679213817
2020-08-01,35.39139900944561,43.26401352803738,0.1867811194130991
2020-08-02,36.977229528850785,33.565922347037706,0.19835935339151334
2020-08-03,40.276398823376525,33.47893447602282,0.12514158134048275
2020-08-04,30.208870168474867,33.05170516510053,0.16347941432902746
2020-08-05,34.784234981582514,34.683397554033114,0.15792691694460698
2020-08-06,45.04539291568922,29.53271127035936,0.16020097432722422
2020-08-07,35.75432569527801,39.56931799620815,0.14764855851833072
2020-08-08,22.67081426010098,30.457582218980086,0.07754761822251158
2020-08-09,44.57508185826381,37.09264492985029,0.1684433978900966
2020-08-10,44.876170717367,31.117287775562602,0.1604200899570629
2020-08-11,39.18987276289697,42.15271799684531,0.1643547329683484
2020-08-12,24.935243716929246,25.278583070194202,0.16568025653351257
2020-08-13,48.86017840763692,39.55152831374238,0.1644634214922306
2020-08-14,27.355381041189514,33.203315194254515,0.14261250685035173
2020-08-15,29.951512815021296,44.285328864392525,0.1737693136292772
2020-08-16,36.227862363761375,38.08316214746412,0.16525468863840548
2020-08-17,40.54199313951049,35.665294451695665,0.08012808338110046
2020-08-18,36.42269466710141,37.74660614729041,0.1936155028943281
2020-08-19,37.696161192826345,32.593295199980595,0.1610000093745889
2020-08-20,43.61641562418103,38.45764049119497,0.1617467500797156
2020-08-21,34.36537933746169,39.57143714657093,0.17445441002994905
2020-08-22,29.78045461892762,40.7462995143879,0.1176800338421341
2020-08-23,36.086631197410426,42.492343711554255,0.10052069010472955
2020-08-24,29.868357241492756,36.98951444296685,0.17946542595040946
2020-08-25,38.29879186050171,36.990682919291785,0.18580256857655522
2020-08-26,42.61581525183371,35.20940197214455,0.15347350647767524
2020-08-27,44.83391931535659,38.79012624993439,0.16100496105750017
2020-08-28,34.92702467744133,27.602399944010152,0.12644407348098127
2020-08-29,42.84649975454977,30.352166574744366,0.13807959999446542
2020-08-30,42.46600842488267,35.91928847572048,0.12963386063586024
2020-08-31,38.08687947368256,28.89844878737531,0.1658416004129788
2020-09-01,32.0066242305907,32.94383437983575,0.21325445680927307
2020-09-02,30.233128078712614,40.16967334687464,0.18422797019629295
2020-09-03,30.708639605927186,32.38007667045396,0.15713134856976393
2020-09-04,33.75951517206278,43.63417629646886,0.15209972341068187
2020-09-05,36.21064304216023,27.757929652002325,0.1456416627084404
2020-09-06,30.264205579808806,37.814580627747084,0.09964337098114785
2020-09-07,27.167960085046204,30.28878737185267,0.1588017026647705
2020-09-08,35.25628937003202,32.844030544640134,0.12685328953004782
2020-09-09,39.42284750256174,24.369910761270646,0.19615478223741145
2020-09-10,36.77728905618305,33.573385640260064,0.18066828480837072
2020-09-11,29.854219327055084,33.439211560216194,0.19636420677650585
2020-09-12,38.034077635882674,34.50367102562948,0.13361404257166531
2020-09-13,33.03932121370758,38.45143695638107,0.21751848049357936
2020-09-14,44.339490185414846,34.29357146775007,0.2687981710848495
2020-09-15,26.732213579886473,34.12126971039456,0.1927771303487104
2020-09-16,35.31325357521402,32.62482528482272,0.22981880715900183
2020-09-17,32.44180427836962,38.46853003733854,0.19417181817358267
2020-09-18,38.886213563518496,37.05746426101163,0.1877380665747022
2020-09-19,37.63843147527304,27.46808568016595,0.2160559871748598
2020-09-20,44.12785973177836,37.02579299572389,0.0907346860547703
2020-09-21,42.916885134682566,33.64615137420442,0.1622215963810815
2020-09-22,41.86428566521741,34.80953586666963,0.24187151120320283
2020-09-23,37.804104544514175,38.21529892184189,0.2188228177416776
2020-09-24,31.855695590312422,41.201754905079255,0.2053453666802865
2020-09-25,28.281894932619423,32.08879459962396,0.14489787883637706
2020-09-26,30.852182892310143,34.98603768452896,0.19332927457305404
2020-09-27,33.46885475701306,33.094831184476085,0.23590444149798534
2020-09-28,45.21814906000175,37.875228088436565,0.20943081562368754
2020-09-29,39.27382916859323,31.10774260967734,0.16838844335043882
2020-09-30,28.754699875553623,30.83238187586605,0.13874820113465514
2020-10-01,25.577328784424992,37.5655766619373,0.17086517415892272
2020-10-02,38.28789776182333,31.928723064834628,0.16126276371101705
2020-10-03,28.564492549054126,31.94232315010064,0.16961430734791672
2020-10-04,37.191406722878995,29.17484113076056,0.03937784309669051
2020-10-05,34.11532571595731,42.11795213297724,0.13838868450510775
2020-10-06,35.03922138436695,35.559893031924034,0.17429658302479561
2020-10-07,32.92125410017127,33.97245332865894,0.14360861808417638
2020-10-08,42.61307047022498,37.02001943019921,0.2050217619612823
2020-10-09,39.418953471175,37.40008312127793,0.1836912200172662
2020-10-10,33.02290881054882,31.120433069468497,0.18067349633807175
2020-10-11,36.04889329854156,32.978697131180596,0.12744727331044547
2020-10-12,26.575660900981223,37.92028079937339,0.17171401475292547
2020-10-13,134.7527108172552,40.14420548894753,0.19626923145905212
2020-10-14,39.1433418359654,30.24039478913445,0.1529198513251315
2020-10-15,30.237248899733498,40.740166009658964,0.11647976190879138
2020-10-16,32.65467193268138,38.05542813175474,0.12941956264831447
2020-10-17,38.72862686811458,39.28006739356639,0.2585416567517349
2020-10-18,31.207539526313862,32.21208696995481,0.10058364691868635
2020-10-19,39.224504592729524,29.136538265185095,0.15922818572487887
2020-10-20,33.7935596858279,26.485394090529077,0.25959180632029766
2020-10-21,33.16820023595748,29.15556925442413,0.15595179079310212
2020-10-22,34.631617610756415,36.90237784757526,0.12525015174849324
2020-10-23,29.362811031500776,34.06495208876085,0.07961716281192845
2020-10-24,34.0295948422176,30.6527547821749,0.1467704059954989
2020-10-25,26.41273761562074,35.90517637190503,0.1500417360510089
2020-10-26,33.69535255490059,25.590925896298184,0.17745686373435954
2020-10-27,35.60957038202387,29.94154739736411,0.14109498110769492
2020-10-28,33.78681385761204,37.491207834591194,0.14166097914417677
2020-10-29,29.989861629061192,32.74262719743749,0.16063809918364297
2020-10-30,26.036133648434557,26.558045585176462,0.16269127068638078
2020-10-31,34.2549573488999,41.11911615633708,0.1805790408755398
2020-11-01,34.28839434267905,33.121668601296385,0.2023346413506517
2020-11-02,26.489157500643604,34.381962159051895,0.21779613022874506
2020-11-03,24.84649243187555,23.20760090872858,0.2143769078612341
2020-11-04,38.742594852338485,37.176898092621144,0.1796792974844139
2020-11-05,36.54271124756403,34.256503181946115,0.17237522006579986
2020-11-06,35.32476832430185,36.40852247084713,0.22308459465432856
2020-11-07,33.48225238402779,37.55191207800162,0.14953335364584475
2020-11-08,36.6044855783234,38.8149217327265,0.1303220402606992
2020-11-09,29.890689295724968,31.358917174904263,0.13487640930881678
2020-11-10,34.702248915785134,22.654486461874633,0.1964917951653763
2020-11-11,31.72286476981629,31.037063895323456,0.09469446152688335
2020-11-12,36.017842774085366,29.063516495260437,0.15609443749308588
2020-11-13,29.087617710227065,29.61466903050931,0.1588797989549197
2020-11-14,30.577621980269683,31.545416001090835,0.14479732434682274
2020-11-15,29.178102983505504,31.752880362008725,0.11913473370959543
2020-11-16,36.87794935677278,34.637704763868555,0.18524641673502798
2020-11-17,30.706330287669296,29.449531218770673,0.1521964456402779
2020-11-18,21.021100586632553,34.672632379607585,0.18255608124620804
2020-11-19,35.54615793007545,35.42874844023248,0.17272136496104992
2020-11-20,31.428092026754314,27.761669370185185,0.17785362196790364
2020-11-21,31.047952411169774,35.27624684371616,0.2015330270925006
2020-11-22,33.45638975205507,32.21494529126244,0.2259717697370743
2020-11-23,26.921739454041262,35.890691973273825,0.17644189836673652
2020-11-24,39.482216880489304,28.797669537549037,0.2307938945568275
2020-11-25,29.16458551754944,31.302310546048233,0.13845754768503443
2020-11-26,33.30925634855452,25.925222169762016,0.051562932226168534
2020-11-27,38.27372103797976,33.64538013662013,0.18733022253820833
2020-11-28,30.828989575461186,36.251800673169036,0.14669457224945054
2020-11-29,25.722815585688675,27.779651377216325,0.13545236401310906
2020-11-30,23.173939583285403,33.13677217741026,0.22885196174937297
2020-12-01,31.45131888360524,33.80284130725404,0.15002487560257274
2020-12-02,38.44328447517192,31.599831264391703,0.12743604247403267
2020-12-03,24.886315604843283,29.139573921454712,0.20075414806166217
2020-12-04,30.12115891813966,29.501166862832896,0.14129080569639604
2020-12-05,36.03425457030083,29.43632496532608,0.10591351709060927
2020-12-06,37.815132585103214,21.533444699701537,0.16242037401259676
2020-12-07,29.84027720686281,25.68521882954256,0.2749175047650282
2020-12-08,27.64467442119331,38.23472260474122,0.1483262048508124
2020-12-09,31.708666792085012,32.79817480384524,0.1959551401735312
2020-12-10,29.505636054462883,29.731431403578934,0.1481740383193692
2020-12-11,24.623612064321154,25.77756620365837,0.17392411310008649
2020-12-12,26.98270950229963,28.62206558502303,0.14526524834346047
2020-12-13,27.06289855754462,22.373139274274656,0.16536637330064738
2020-12-14,37.588752953491365,32.457279686498985,0.13499027033309588
2020-12-15,29.70922180187982,23.247053071730882,0.10749424778888181
2020-12-16,23.22956148824643,24.32017172994316,0.14575582138189208
2020-12-17,25.931219397848718,33.685923865736164,0.13339929662609593
2020-12-18,26.394464133800724,33.46590237701946,0.09880536795119918
2020-12-19,34.14773134048815,28.01708107473153,0.13359534236893206
2020-12-20,29.631341284545464,24.250481687362857,0.2271195942358136
2020-12-21,25.073557452918966,29.037846150479098,0.23678513767230747
2020-12-22,31.086863076313062,23.571240514616786,0.15347689115086408
2020-12-23,26.16251151662759,27.056923828979333,0.10593276589834548
2020-12-24,26.267561891785554,31.697699354344426,0.06929373829253065
2020-12-25,31.628133067317428,29.373170062499746,0.1449169239421688
2020-12-26,24.476044802915254,35.16778457807865,0.2570829420931453
2020-12-27,33.770388661538036,21.560913490483692,0.1479160997483109
2020-12-28,32.042679271362545,27.932699751296475,0.1830259274127449
2020-12-29,20.42604126113276,26.08951255686925,0.16358151560650785
2020-12-30,30.27295603012567,35.582312242413494,0.12173406439814836
2020-12-31,32.56972872654829,34.43111619330057,0.1388041156990839
2021-01-01,31.486784529136102,30.141161037773735,0.194739698261934
2021-01-02,19.05637054615572,35.98794037822968,0.11080726202798775
2021-01-03,19.26038806441032,27.537049250968433,0.130238142892909
2021-01-04,39.99029915278237,27.895270670135904,0.1780811524195811
2021-01-05,28.36366069860982,24.983526782081434,0.14835026346006977
2021-01-06,25.823434559242088,35.83806738136786,0.16035846568370551
2021-01-07,33.53065551922261,27.143253773636562,0.17196543333197856
2021-01-08,31.19464051542661,23.426946325160113,0.18766997305601488
2021-01-09,18.42796848784127,27.1238824265551,0.09573864403903985
2021-01-10,30.34791385759879,35.593995777653475,0.14444344750101087
2021-01-11,32.08146163718073,24.280783345959513,0.11695320053994787
2021-01-12,38.31178002466011,24.210091305890185,0.07826500086183241
2021-01-13,35.38765259305636,26.74221545986006,0.14286112114954805
2021-01-14,26.828574318344145,36.115412656863704,0.18222893716609934
2021-01-15,32.37482777045506,21.930852251397596,0.18054305932448014
2021-01-16,24.20720420382831,28.31373727111753,0.14699611488453776
2021-01-17,28.867620712791727,31.2496786133483,0.13951556379251848
2021-01-18,24.79191568174477,27.122028942132214,0.16634042968329849
2021-01-19,32.34842838146613,34.16232801822074,0.14321123562318225
2021-01-20,31.78718055330317,19.823504804611186,0.17406280520400214
2021-01-21,22.401235441951908,32.32736083843018,0.21166890946435393
2021-01-22,35.561950526073275,30.61492079231133,0.09025320406092907
2021-01-23,37.06236773989947,27.12680208406604,0.15494217173940714
2021-01-24,25.703074195193935,28.77642286327923,0.1351304721721482
2021-01-25,29.472179555832025,38.86163416539917,0.12392495759459027
2021-01-26,32.65182511980589,27.828849088148463,0.17486860179362984
2021-01-27,27.143307910497935,32.06193754808417,0.19422402744028938
2021-01-28,33.050678909195945,28.91747141768149,0.13457386045485226
2021-01-29,34.964088980701696,29.438960263813318,0.15121252608454827
2021-01-30,26.618282647894258,35.50283717866616,0.15394960610175476
2021-01-31,18.391762673561438,28.72363213442147,0.1890675454935748
2021-02-01,26.139176090732917,28.12030210131823,0.20001630328650472
2021-02-02,31.42172279940841,39.578631290039766,0.12561968175566018
2021-02-03,30.798163386528998,33.840677389953896,0.1409859545364209
2021-02-04,34.653041395988964,38.81179057568228,0.1752502330152188
2021-02-05,27.756884829776673,33.481193282480895,0.09765951382043782
2021-02-06,27.02419823030908,45.94046279848771,0.15921736450023868
2021-02-07,35.67696263735078,38.39700243040063,0.17325541909728748
2021-02-08,23.35782218637385,40.025888140075594,0.1553509184660585
2021-02-09,28.171145631405672,41.83034710005238,0.0745178893953321
2021-02-10,31.572818132580565,40.08060710387157,0.16532817417875512
2021-02-11,36.25515953783632,31.185954067306312,0.16781309814515302
2021-02-12,33.67852600257169,35.25592115220152,0.19138803299855806
2021-02-13,32.594955157432246,37.17070934858659,0.11353724773961595
2021-02-14,37.606538143735264,32.23556392649102,0.1334214954013402
2021-02-15,25.871385011751116,45.05439806720491,0.1778629628682417
2021-02-16,35.78286520200697,44.60695539042773,0.20235831131944926
2021-02-17,28.328372055180473,42.07946307272062,0.21418993380039086
2021-02-18,37.345067079725254,41.419307778692904,0.17861655451952718
2021-02-19,37.0616882201211,38.03061193679639,0.17256873942369216
2021-02-20,32.847898055018234,32.088464729217954,0.17249631428062134
2021-02-21,30.649550248273922,49.88679705490448,0.11070267958031192
2021-02-22,21.511484183121446,34.14722905366846,0.17962608205296837
2021-02-23,35.49419554205586,43.481701235774146,0.14573808958331808
2021-02-24,21.21360388270469,41.58100555622136,0.13312235386450813
2021-02-25,33.40526137992828,28.607572591017576,0.138328464665531
2021-02-26,25.443498379841778,41.48590651488377,0.16375510616893266
2021-02-27,36.76229889352908,39.8934296684074,0.12392904486094393
2021-02-28,25.158672821759414,34.50586006865627,0.16046969776962225
2021-03-01,42.77788454465952,37.564661385597994,0.11052998875967093
2021-03-02,24.84282053717846,39.84979296239397,0.15056360623560924
2021-03-03,38.54180281733545,27.31025491150228,0.15883134751776526
2021-03-04,42.12068765068275,37.518130626588274,0.1993773793404746
2021-03-05,37.21763512283677,42.80826172458632,0.21600677126035506
2021-03-06,40.47697592114735,35.5230919290584,0.1351564368687363
2021-03-07,34.78557856783329,36.51336064790379,0.20079193419310185
2021-03-08,32.42221162066034,44.897372611840254,0.17059723402637028
2021-03-09,29.330527930249165,42.58018888438413,0.1175478139032721
2021-03-10,34.11623610559425,43.473782777998345,0.19407985271087227
2021-03-11,38.093207379071714,30.218520332396157,0.10566839784239039
2021-03-12,36.806620294816334,40.54515458897227,0.14074986657335062
2021-03-13,36.22888913108251,35.29412524044189,0.10751758112617096
2021-03-14,36.58998217524959,48.59597965296055,0.21438482237343665
2021-03-15,36.35212069620097,46.136533998620514,0.23708963554359036
2021-03-16,41.905254448838264,46.254898924819756,0.20484159737106097
2021-03-17,35.806488190873935,27.83296155107385,0.1681848325699029
2021-03-18,34.59488386922997,40.802649430830506,0.22145966900949304
2021-03-19,38.568172093493246,50.494409480401934,0.23137523979500701
2021-03-20,30.840623219641245,45.02346903167852,0.2139579557452358
2021-03-21,34.8459298034073,40.67920909639569,0.13086951368958988
2021-03-22,34.61095520519628,41.298878218651105,0.16963509033258564
2021-03-23,26.43781367772073,45.593893217756104,0.1427444279050454
2021-03-24,34.49560266356488,42.7370070547702,0.14126149213583558
2021-03-25,31.655954147891002,47.897330753159835,0.08966460966438665
2021-03-26,29.292356451826308,44.963724397001315,0.17237378849708465
2021-03-27,38.16796246963534,53.94445549502999,0.11740888313251949
2021-03-28,43.27947790051295,53.66260891537331,0.1812985692111916
2021-03-29,37.6996917956331,63.029635306143796,0.14812826693970416
2021-03-30,44.20306356089972,39.421294488414375,0.10434629667008849
2021-03-31,36.25403135834174,52.65101686083478,0.1119847070368703
2021-04-01,38.9034803713978,49.923541779072245,0.15598251878422115
2021-04-02,31.949559736324833,38.078750031644965,0.20852776035773452
2021-04-03,41.3066927641475,43.455146981616245,0.14194450694312413
2021-04-04,38.005669103834464,52.39200769082182,0.23717109168137798
2021-04-05,37.80028007626112,42.32824168842698,0.18004225042621547
2021-04-06,33.71696304738528,38.66143903593472,0.142694494525139
2021-04-07,32.962096316512024,50.84972025991325,0.1094389963718011
2021-04-08,39.08138864668122,53.5415716161254,0.14849994159628838
2021-04-09,38.251115594917565,46.536945967887284,0.1468716657850551
2021-04-10,32.34631990710211,42.79969399175539,0.11626890983987903
2021-04-11,31.944926237881845,37.50948961292895,0.14551477436333132
2021-04-12,40.51909560118938,45.532282225903735,0.15262791048975352
2021-04-13,39.11882053753256,49.35714706903321,0.12023702622839373
2021-04-14,34.466566329986726,60.184246954568984,0.1248212787267077
2021-04-15,37.376876478948134,53.1128172780036,0.12445233029933345
2021-04-16,46.78467452584105,42.06093673224515,0.16963576832185298
2021-04-17,30.688724879471522,50.129490413657805,0.10216433380540864
2021-04-18,35.710031760750155,39.84803899055679,0.24367771817401224
2021-04-19,41.45236453187441,47.60168759711118,0.11348388247515713
2021-04-20,43.75488998861526,50.98836338531392,0.21926260581614732
2021-04-21,41.83725160816692,40.72124333384858,0.23711273106179795
2021-04-22,36.74976846921132,52.96779596756698,0.15865879270971456
2021-04-23,39.87299671510894,55.35878395444865,0.17744875336387322
2021-04-24,33.69823448971734,54.457548658240725,0.16754871345442945
2021-04-25,138.56444581486852,53.73037771121216,0.12371015790145237
2021-04-26,36.93525815064638,42.97002666845138,0.15910045573793874
2021-04-27,30.859882156702508,48.49053906335017,0.14574852977216313
2021-04-28,41.21937544959409,49.368301170420985,0.24669594743074613
2021-04-29,42.86141415974292,51.51022503388541,0.16712804938735532
2021-04-30,55.58389197479353,49.60398029575379,0.16459994293536623
2021-05-01,39.58604365602467,60.46280270366491,0.1609966557526967
2021-05-02,31.649781410511906,66.92862551670662,0.11396552682158241
2021-05-03,42.14295295853402,45.11781794916542,0.1510760239779859
2021-05-04,32.24355966051419,51.16623425727597,0.22989559739049217
2021-05-05,45.553287070045656,46.665573742644206,0.18323946996788898
2021-05-06,40.5492890702387,48.900353723362976,0.1451401294313656
2021-05-07,30.027900160705713,47.21921565524585,0.2375439913858547
2021-05-08,34.35462369887687,60.03884453624868,0.1837321030554862
2021-05-09,34.81713834742418,46.5616262561774,0.18435259557413042
2021-05-10,36.36854808295119,57.53949047937689,0.2227400859422309
2021-05-11,33.888682356556515,49.712907098940974,0.18224236572946917
2021-05-12,42.90991837479771,49.09002189952914,0.13638327361016692
2021-05-13,42.4286238581494,62.9255660265455,0.18393638426198566
2021-05-14,30.22784536612327,64.36621172807811,0.11231731923247035
2021-05-15,40.0387311607006,63.083377007789416,0.16821546670861387
2021-05-16,36.614965674342045,59.05233014194441,0.1247046542923855
2021-05-17,34.98292942464836,51.58162555031172,0.18491772542581314
2021-05-18,34.21810774300839,61.77604892163707,0.2331982922853565
2021-05-19,37.97155542889639,63.56987080864551,0.21407928590513464
2021-05-20,38.02627268294131,47.65073433180606,0.07231311809519905
2021-05-21,32.240946595155776,76.81606378786242,0.10391779160680584
2021-05-22,52.021086121990564,60.472190283576836,0.14466671468809347
2021-05-23,33.94130831886085,58.30875563975443,0.1545060000741337
2021-05-24,44.76026543520194,60.054860818611004,0.16085868754544855
2021-05-25,41.3524263245587,71.31669785016868,0.09006433703271075
2021-05-26,37.345735992742235,56.55145976618021,0.20604071557554754
2021-05-27,36.847024491150734,76.27341926215666,0.14250698081212465
2021-05-28,41.49375650265256,70.84042424347471,0.17815915916329772
2021-05-29,36.57920259504544,70.64915574632059,0.17099843988287078
2021-05-30,41.995543122925824,67.6111292075415,0.15633897584679393
2021-05-31,36.762224971762585,63.101902346219994,0.26690205192892624
2021-06-01,38.30109054444813,60.5658405672929,0.059032327695799955
2021-06-02,36.57560363006826,56.25025166814066,0.12550834805575148
2021-06-03,43.29087180694171,60.28857409584652,0.13226663514890458
2021-06-04,32.265617447515666,53.96716636047393,0.12992769108089536
2021-06-05,42.60906940452523,64.13571138571916,0.18263519202234932
2021-06-06,39.05111188651371,60.80386662267543,0.16915034243524318
2021-06-07,40.42415924390841,50.87415770291023,0.18094897924713974
2021-06-08,40.970799916522395,73.56792452649988,0.1575726860082731
2021-06-09,47.23537607505898,72.37682973253813,0.23413521128892656
2021-06-10,42.55709710071955,79.59878508710695,0.1801961255237543
2021-06-11,38.42819681035501,48.00182095031433,0.16333143675276518
2021-06-12,35.891465080385416,61.82098237662045,0.15429640068170866
2021-06-13,39.623120331015755,67.34883972924828,0.05397112034794484
2021-06-14,42.471344051503266,64.04765064171983,0.1254067739244084
2021-06-15,41.80295138230177,66.55107326593337,0.09267217538325169
2021-06-16,37.70249290521498,76.01457378373036,0.1789120484414192
2021-06-17,32.829046806648755,70.52051408341772,0.13923115214282689
2021-06-18,40.121238856767405,70.96230241409293,0.2684121479003621
2021-06-19,30.59315931317353,58.334571747382,0.15036962746906846
2021-06-20,31.707129151385043,74.64600723551119,0.19299100787128423
2021-06-21,36.44303002407814,63.50089189122985,0.119334586340088
2021-06-22,40.731220850726295,59.93848967355883,0.13312020127653088
2021-06-23,39.3627408378484,65.74259131574597,0.1923405869839983
2021-06-24,41.34518655431091,65.30810686463455,0.16562608283116756
2021-06-25,44.824545753951526,66.98624335204707,0.10289400799450649
2021-06-26,48.14791774980449,71.53652761419048,0.08906069958860231
2021-06-27,30.742779408320573,63.094909655793494,0.1176417100624001
2021-06-28,30.651801653013724,86.5999760797739,0.12820586049927238
2021-06-29,40.40996640171548,46.64432836590933,0.18428444493342294
2021-06-30,45.4622777651398,34.27707522007343,0.20427203046331122
2021-07-01,39.72457906180652,39.396838571763766,0.16963466524597257
2021-07-02,38.37755820641224,35.88371612125716,0.1827132053368442
2021-07-03,34.21354922226029,37.08849289042888,0.04719414914786449
2021-07-04,32.75406786749474,37.77986366403306,0.14482813828185168
2021-07-05,36.063942757025686,44.49928617555871,0.19358381847859887
2021-07-06,46.275394852980625,38.87950745137924,0.05161107165530125
2021-07-07,40.87176402016981,41.44611870769644,0.20095886872968072
2021-07-08,49.136850526232514,39.5603450555884,0.13203376962025937
2021-07-09,42.070397437044214,40.70922873834085,0.1497532476435455
2021-07-10,30.844374314850178,48.83717073376178,0.23435244300737523
2021-07-11,41.16268578975616,34.88911456012211,0.17999855271694726
2021-07-12,51.69300723563927,36.64643159461038,0.1425910940820684
2021-07-13,44.34970643471576,33.660928996420566,0.10426969072400984
2021-07-14,44.15608620259393,43.260014349931105,0.1492649158522293
2021-07-15,36.30154535010725,40.05216851683977,0.13799618659809215
2021-07-16,44.99209299357585,35.54491577688317,0.17766098627932114
2021-07-17,42.495442836630275,37.59536661123941,0.16602235417971795
2021-07-18,44.29269455767567,39.01366276900786,0.14704877464477545
2021-07-19,40.118641648548774,41.27101834295483,0.15737825287675425
2021-07-20,47.12505499897657,36.649540148040685,0.10410702452295206
2021-07-21,34.942607731745895,41.21212859424263,0.13175906507015525
2021-07-22,36.28026117361392,44.01877134619224,0.17748021393774197
2021-07-23,35.67270287458118,40.91600500895974,0.08148779618020344
2021-07-24,34.720080351778634,32.8285294107938,0.12251788740839242
2021-07-25,35.925334920382575,36.7512210251314,0.08007525719929792
2021-07-26,44.08820360397653,37.166336955137,0.16709710065476094
2021-07-27,42.89412065376905,41.06402708058897,0.23264855843748314
2021-07-28,38.89950435124646,38.186436539985884,0.18398732324483993
2021-07-29,43.256274784022466,27.043705854172092,0.22347863875659582
2021-07-30,41.37901202521772,40.53235944841023,0.21479434908004064
2021-07-31,48.1992816923752,40.04215945177121,0.17457796919099874
2021-08-01,37.459169370663936,43.0071483539987,0.18231335621727296
2021-08-02,36.218408054619275,41.37119232352159,0.10449645246900907
2021-08-03,36.80457438931019,41.235978082531474,0.16061610803505455
2021-08-04,36.96114254895958,42.3211815743407,0.08433768580761414
2021-08-05,42.77903914205761,37.98005054337817,0.17548744526636725
2021-08-06,39.345315243614934,32.81154975234028,0.14984159699933494
2021-08-07,35.596854354434456,47.092843479315405,0.1250629269107359
2021-08-08,45.67925123174824,42.09682793954363,0.16255669973127024
2021-08-09,42.72992953508964,43.186213151930055,0.14631999841638405
2021-08-10,35.517209919269,43.77083464762975,0.14195875694677382
2021-08-11,33.348147881206714,38.799270444110086,0.21426407709245554
2021-08-12,40.958235919511,38.83062988201192,0.232881494475216
2021-08-13,43.27494562877074,41.01450302116711,0.11481118811474636
2021-08-14,50.34135831248338,47.321980458492504,0.21223784211504898
2021-08-15,38.205844064179146,43.2867591525457,0.2093769370286179
2021-08-16,36.37037470304718,41.0636995681885,0.1398052510293384
2021-08-17,34.988080461225294,36.31302641104778,0.1452759455864334
2021-08-18,35.03466571618336,37.094630185077406,0.17814779408628426
2021-08-19,40.08656801500178,34.27847316555578,0.1355848774016567
2021-08-20,38.69244044203347,35.100323739954725,0.14854568666024637
2021-08-21,27.44445241310024,38.75454370631101,0.17927444472509446
2021-08-22,45.63324925646886,29.1347236941643,0.15302480314376665
2021-08-23,36.76882491539534,46.51542824980621,0.12309587071725396
2021-08-24,37.60707784536402,41.53652788178553,0.23049076342638386
2021-08-25,38.72623601426588,36.12631335651387,0.2172053121940603
2021-08-26,44.98818897220871,40.49530823351603,0.15053585441341719
2021-08-27,33.94294320183738,39.944960110999205,0.11712304988199271
2021-08-28,43.46664165664802,29.89232002792818,0.22498646971092023
2021-08-29,45.125789371054154,33.007097596026384,0.10673882093343395
2021-08-30,32.03257652451819,36.90269897646489,0.13987867826608882
2021-08-31,41.94726589220848,46.20882665230609,0.14250030052222948
2021-09-01,46.697466778679,33.384916375852754,0.17643898732967755
2021-09-02,39.92887470049689,42.32797443166501,0.17960383049869783
2021-09-03,28.75950520264818,46.395193695275765,0.06326952660667466
2021-09-04,36.174520442635114,43.910232694327064,0.17285619368933436
2021-09-05,38.826528740615245,31.69922458051933,0.1449412374967717
2021-09-06,34.587464131527256,45.52931282773499,0.2144712396251871
2021-09-07,37.56769252305305,40.0328617137998,0.11399955636972255
2021-09-08,39.010121232341604,39.998281578867505,0.14786672093976932
2021-09-09,38.695008880403336,33.29637551489959,0.18776436147506498
2021-09-10,38.487423367439725,35.41804355078112,0.12374683053695507
2021-09-11,35.546556091355015,29.975816555980607,0.126084534292489
2021-09-12,40.765243680106025,45.02062192673705,0.08885994229875602
2021-09-13,40.434332296277084,35.13190301573333,0.10812408360910147
2021-09-14,32.9806508269093,41.68511173885374,0.12783814861145287
2021-09-15,40.77843441165489,38.71135815626215,0.13647745029249153
2021-09-16,47.49965630571479,44.568794202311736,0.15889222443322462
2021-09-17,37.768784089177785,37.56935452883967,0.16889067233561308
2021-09-18,43.87472231851194,41.084651209939594,0.1462287653300794
2021-09-19,34.63036928371766,34.758582099895676,0.1868433956373928
2021-09-20,39.55687858625171,32.693713236398914,0.09138315447817935
2021-09-21,34.15949111414149,37.33552428167538,0.1686205987935196
2021-09-22,40.86354246410731,32.929478830889174,0.13150685135883855
2021-09-23,31.715628924138024,30.139443001329138,0.1467758930454307
2021-09-24,40.224158346401026,38.44402806600646,0.21237960581576593
2021-09-25,42.20170194021175,34.20568499902597,0.16651956116978944
2021-09-26,43.29172586895825,34.42887269379703,0.19856571668433476
2021-09-27,42.0338554874848,30.903599450321305,0.17003542584155162
2021-09-28,36.78141766615968,32.42941399950145,0.16245664945894037
2021-09-29,30.104852255399987,36.457623273804224,0.10653932812990738
2021-09-30,36.50202646293437,37.08217023501298,0.17807925366873997
2021-10-01,27.61942476204573,39.33795289584054,0.15396413252612356
2021-10-02,39.01551001858728,32.450427873582264,0.14858263413753867
2021-10-03,23.86008813099314,37.12024601679345,0.13870112325879608
2021-10-04,33.198801927111674,33.968169598247606,0.2015116681001441
2021-10-05,37.48243679987421,27.746675940948176,0.12650704269155663
2021-10-06,47.38980921856236,39.19500303248627,0.1576443730634313
2021-10-07,34.56504489782011,43.48167206754634,0.113088115757387
2021-10-08,35.3285702722285,30.772403854003613,0.15693167779552564
2021-10-09,31.06780097300338,34.057329667563835,0.19830316301698758
2021-10-10,37.58809899587388,32.2485126215796,0.17882098279710892
2021-10-11,44.541224046675055,34.457893033489256,0.1907802531913335
2021-10-12,39.10330792140849,30.185162174192506,0.1678345933732633
2021-10-13,33.96827909124058,34.24555666467692,0.12750671315285933
2021-10-14,37.985627563060945,32.49035196069671,0.14317908044186065
2021-10-15,27.613188398904274,35.867685204485916,0.1386276589455577
2021-10-16,39.687129794490914,28.527239261598005,0.1594451369564924
2021-10-17,24.32342211025646,32.448883998817024,0.11176367715684041
2021-10-18,31.38402120519782,40.55845972235642,0.1554025228949824
2021-10-19,31.771503464566393,35.17884577371091,0.06762455015801903
2021-10-20,27.67738169595707,36.65995205294101,0.16945716286143503
2021-10-21,34.711756178433795,40.67787328502661,0.10049108873945592
2021-10-22,32.123969169034694,42.163941611183816,0.20101121067183603
2021-10-23,34.53970533880493,30.860140490319935,0.2152010912755461
2021-10-24,22.784815237766352,36.0562072015624,0.20741199979411376
2021-10-25,42.55948828687632,36.153197822112475,0.20242781345190886
2021-10-26,33.42155939730367,41.732063918735804,0.18076212776919204
2021-10-27,35.856295820934236,36.293081599394334,0.15468989354759421
2021-10-28,32.547271014561304,39.902395959756916,0.15935058869118465
2021-10-29,29.911498641059225,38.56758806407162,0.16336396101247336
2021-10-30,30.347337130634752,39.057477928950334,0.10763516129465557
2021-10-31,40.048233707305045,34.837327096875576,0.1673487189017695
2021-11-01,32.08697054212901,35.1161360896631,0.17467565162319298
2021-11-02,49.281098259772754,43.86763440052349,0.13344859202703493
2021-11-03,33.715587966715304,33.07964296117359,0.2232845018978536
2021-11-04,39.29004468593545,30.191896731479552,0.15390257977125496
2021-11-05,30.41860153581294,28.654233936600026,0.14904550335346228
2021-11-06,35.6696017428704,27.10901917855097,0.1455997982257884
2021-11-07,33.89508702850384,31.96747642539922,0.1616454897364797
2021-11-08,36.92640048498894,37.02965438441689,0.1589427576279559
2021-11-09,46.73200445516355,37.29219632068597,0.1784303141939298
2021-11-10,40.30338692630502,27.467036621595852,0.14032529783646958
2021-11-11,24.923446182092164,43.28397755152186,0.17707735862985793
2021-11-12,45.75916849625489,33.438670719369476,0.13056952462996846
2021-11-13,33.71851211336761,36.11387692198765,0.17947144120356995
2021-11-14,33.84499881028867,28.623471617498623,0.14816801244277925
2021-11-15,30.965313471831717,39.59836455511085,0.24533399643733844
2021-11-16,45.25582790958932,39.616768192175705,0.1923374150437053
2021-11-17,33.76769335762951,32.0021426225408,0.08745786107592451
2021-11-18,38.381778887026215,33.31173228880847,0.0646149054051221
2021-11-19,37.681742989391665,29.709194951192867,0.1535963077582229
2021-11-20,32.736435294219504,44.15927211044531,0.12862273930821572
2021-11-21,33.6531957650973,37.58049143829891,0.16237471835694695
2021-11-22,41.87058804302043,35.236878075700695,0.1445866058131788
2021-11-23,33.13201509492143,41.714041087819325,0.16815123556013634
2021-11-24,30.6496663157274,28.000297346840362,0.18166556953767088
2021-11-25,38.505212802499614,31.520363332338942,0.16041222946333605
2021-11-26,36.3207593643924,33.546904496859575,0.12572544353645854
2021-11-27,21.051257790578102,31.579662111473894,0.11531845401856576
2021-11-28,22.04996327814291,35.737889675497854,0.15671383572978317
2021-11-29,35.80573870738622,34.54991247174404,0.14421805887433664
2021-11-30,32.880888343912524,30.05864482845199,0.10798314499439668
2021-12-01,30.158380547299267,40.149725345778194,0.13434653667964874
2021-12-02,25.114733264667475,29.93238929827443,0.1436847514102986
2021-12-03,35.298697854465985,42.804725265350406,0.17266170913550966
2021-12-04,28.7465867387749,31.05041527193552,0.17318962829469195
2021-12-05,27.348656849064444,37.76883181326775,0.1863245226379011
2021-12-06,36.30010810399084,35.20211729938977,0.16014914836256822
2021-12-07,29.270362524336946,26.641631167842736,0.24831620056130677
2021-12-08,25.989147900425202,37.45568279037801,0.1416194744674921
2021-12-09,39.22850722340306,26.19098474940843,0.09884290791893613
2021-12-10,38.45564393858649,24.00594968505481,0.08590430234506737
2021-12-11,33.7047452593462,36.726857120933076,0.2138043384014945
2021-12-12,42.65341699900142,39.8763505555953,0.17249417378365825
2021-12-13,28.924167555944983,33.270810699664736,0.1118677792527655
2021-12-14,39.871083692910815,34.95694731161023,0.13269571038290365
2021-12-15,36.97394167730115,41.22909775606753,0.03242225258121413
2021-12-16,32.6047222703923,40.38408921740252,0.12676043948673782
2021-12-17,37.86312305887141,34.16209530337245,0.16999635099964613
2021-12-18,31.04892323741847,30.626373662551224,0.15205509923990734
2021-12-19,33.52649415574222,32.39170437509131,0.18310172177490414
2021-12-20,37.747871482728556,37.56124904080251,0.15804449305572066
2021-12-21,27.6883887183636,36.18219402346271,0.1254102348951987
2021-12-22,33.76745103437183,32.018213145909634,0.1655167163826695
2021-12-23,28.09954439004778,31.243605165287995,0.16109628608242524
2021-12-24,34.9505515593562,29.459791391772924,0.12330698921034267
2021-12-25,28.828032070520724,21.785190679671544,0.1339167551477884
2021-12-26,28.419539287621827,30.838525532207452,0.24369302231800627
2021-12-27,24.19857849061672,30.169822786780948,0.13278070783119333
2021-12-28,39.17308823156999,30.406646553504785,0.14018077730674927
2021-12-29,35.873121065374654,25.383415046626006,0.19915421047987997
2021-12-30,23.86077352560055,27.471811396440923,0.2206841792912716
2021-12-31,29.379532923623124,28.51860775768622,0.12012607828939587
2022-01-01,39.3224738082921,25.897033038068695,0.1439678936841718
2022-01-02,26.367201565815975,35.49978916334061,0.18017432679930137
2022-01-03,28.276371417741096,29.994643073759853,0.15210345200247627
2022-01-04,31.072523473671964,29.977652788859256,0.2198685550568219
2022-01-05,32.09876519311782,40.22665874874393,0.0632017071000005
2022-01-06,27.747333233037914,23.973926715078186,0.20865611462666112
2022-01-07,36.079679717258514,27.31418347337133,0.21358935880203328
2022-01-08,33.38912567188312,28.00228573257261,0.19540324407042847
2022-01-09,35.41309003892818,35.12976909412003,0.14383226425317402
2022-01-10,28.745042687311617,36.11371406502682,0.19042494405933896
2022-01-11,39.71295224128842,32.40865984897593,0.18429444528093514
2022-01-12,33.781528635844566,32.24453552373438,0.22509425780282516
2022-01-13,31.728917744572627,27.194892960198928,0.202346026941704
2022-01-14,34.23009520241273,29.588192003267203,0.1465251838555574
2022-01-15,38.060244941832885,28.756355401691017,0.06553589868575038
2022-01-16,27.928437953723993,35.57476463191303,0.1928491917534762
2022-01-17,28.940218673106152,37.05898380784335,0.18785637440938013
2022-01-18,27.487256177296707,25.041919773598813,0.15861533507385622
2022-01-19,23.499203291645294,30.504930813250304,0.21840063494901357
2022-01-20,35.588556769156,39.19258266293618,0.1722788860410633
2022-01-21,32.055013532781565,37.68768689703605,0.08821156969053343
2022-01-22,32.42637628440848,29.83655181902295,0.1491084300513316
2022-01-23,32.502843921384226,33.751988385868685,0.19931219626461738
2022-01-24,35.22803774942433,29.516506442550288,0.22401250548535323
2022-01-25,39.74653481757866,39.04819667958449,0.09604464003059089
2022-01-26,34.49040506948938,30.931973148032924,0.1794739772650149
2022-01-27,32.805806501392816,32.908815138401955,0.0589544876756504
2022-01-28,37.418094748338774,39.175123179717815,0.15590329607600498
2022-01-29,29.666813434102057,35.30259121221489,0.10454340851040915
2022-01-30,38.18820073739077,35.74596316652162,0.2155288772118241
2022-01-31,27.387081782746364,43.89604608122204,0.180000085666366
2022-02-01,32.49538628908277,32.36577639064202,0.19144605630349215
2022-02-02,29.350741650249653,33.039832021400144,0.09265380752685147
2022-02-03,30.09924863720189,31.25677421043825,0.18375969276857573
2022-02-04,32.42937230466615,34.373012066439706,0.18136903823228878
2022-02-05,37.54626773894877,37.883220510201866,0.16063078650600532
2022-02-06,34.14330798943713,32.54794476775239,0.15943932404272187
2022-02-07,40.352756819471225,39.15266801037662,0.11821110410420606
2022-02-08,33.94139042517028,35.859739475379456,0.16787890895058283
2022-02-09,28.15259757301254,35.66610308618654,0.13620879849881354
2022-02-10,32.7793103612273,41.5213211505266,0.1439741496828022
2022-02-11,33.29015457830883,38.55699993635521,0.18525800449596225
2022-02-12,34.32027640398442,30.353732032920814,0.13527151686071498
2022-02-13,36.936555197148635,34.90744672125022,0.17081907466575993
2022-02-14,49.66647078430306,37.687555912174055,0.16887500669762984
2022-02-15,40.4946201804492,38.32410663163306,0.14081789434974895
2022-02-16,36.72383124353068,32.85361105562172,0.12983575658063248
2022-02-17,30.06108592372243,37.51712449678598,0.1832059687062572
2022-02-18,41.67327727218117,41.787727695756764,0.17164018796204725
2022-02-19,44.7813204131726,36.72838862393851,0.17789971403045451
2022-02-20,38.58656471674749,33.075076573752405,0.21222518717327873
2022-02-21,37.03579767878843,40.83353513309909,0.2078215316110733
2022-02-22,34.122135228998204,31.897657443251934,0.1460882477555654
2022-02-23,27.84356357970219,35.45526208930959,0.13622615577476488
2022-02-24,28.6105249455715,38.69634421600526,0.15838054566753626
2022-02-25,38.357705555745646,38.47263859436122,0.16579045956884209
2022-02-26,41.895151702539756,36.41411524024251,0.1541500327463924
2022-02-27,37.774609089283274,35.580767343991766,0.22973750352070255
2022-02-28,43.286878078024145,30.716762659336794,0.14904413411288764
2022-03-01,36.51433275078942,39.091256757580744,0.22859837695891708
2022-03-02,35.28260156119064,35.63093806536311,0.12900760009204637
2022-03-03,37.695018610942185,38.84637743464633,0.13738837668402645
2022-03-04,38.171454910666334,32.93360844917638,0.198099831945307
2022-03-05,35.70354038555728,41.97361975860399,0.09596122026022025
2022-03-06,31.213590738835883,26.50463199585807,0.1474775452786642
2022-03-07,41.099894354644746,34.819665840673665,0.18506389215779043
2022-03-08,34.434327258904375,39.60139372771472,0.12185416669355362
2022-03-09,38.4949724844916,41.12964006814761,0.09340534939774899
2022-03-10,32.402462551501934,37.39203154604088,0.154120389312672
2022-03-11,31.517643166076724,33.427408102950714,0.18660420625702367
2022-03-12,37.91436732249268,34.389366877824,0.14980162138319456
2022-03-13,40.85574095323168,35.55071138762746,0.14973322797431324
2022-03-14,37.257244647460666,40.007857545871644,0.169083288330404
2022-03-15,33.55138357790082,39.53794678624052,0.12180612100260899
2022-03-16,39.037768565200054,38.32050745471625,0.11684378299426854
2022-03-17,45.44501285897515,33.341184061273715,0.13549903434734656
2022-03-18,38.90972008655473,39.380188638068944,0.1776965742811335
2022-03-19,37.83171101711483,36.87508315536343,0.13786557570448316
2022-03-20,33.28000420255876,36.39165193571699,0.1915139457950965
2022-03-21,33.63127345912842,34.22470675902635,0.16908976249501975
2022-03-22,49.21993327691901,39.455943893139136,0.22418239524280772
2022-03-23,39.92524861730241,35.79715543518543,0.2043285526939791
2022-03-24,37.5605911429004,37.3835920460793,0.14016725477045278
2022-03-25,42.750053353799395,43.01228276483838,0.17864101911094085
2022-03-26,41.51349258793468,43.72623829727105,0.12807815179628787
2022-03-27,34.26930973029916,39.9471483228513,0.15105802022557271
2022-03-28,51.07054807856444,35.45815562432389,0.21374377503388448
2022-03-29,33.339089946706764,32.91852618013673,0.21666246969767453
2022-03-30,25.276396091531105,31.441166883021253,0.12866910401778456
2022-03-31,39.78376937161157,31.0757187978568,0.17339068700548232
2022-04-01,38.808998398075516,37.58001357860383,0.1715652123878686
2022-04-02,46.421104736930666,32.5407323290558,0.16498721303003805
2022-04-03,43.7121141094059,36.87335562370876,0.16154980192869076
2022-04-04,37.68575470730888,41.00832899732938,0.08377599009768735
2022-04-05,47.2787467708104,49.78161782090781,0.1568037131266238
2022-04-06,45.00284690063065,38.7131579928836,0.11795877716626837
2022-04-07,38.43788804549192,30.82420273533073,0.14853284038002834
2022-04-08,47.08529306950032,35.508296821157714,0.1293504054907027
2022-04-09,47.71499186048838,43.35099771525019,0.12080995554796942
2022-04-10,30.051094499355298,30.05654868346252,0.19719197066988203
2022-04-11,36.62785278112103,37.74178444551062,0.14197229345166792
2022-04-12,42.381530445836596,40.100362605267634,0.1846324905221577
2022-04-13,44.30989838604324,39.872399826033806,0.19179139103624296
2022-04-14,31.547645308445716,46.49210864431632,0.18779809254810442
2022-04-15,47.1384745805997,29.67031372413508,0.1420252882900371
2022-04-16,39.21888693414003,38.95407636595299,0.12088041384511729
2022-04-17,42.18135069847167,47.62111983669342,0.20867005357003132
2022-04-18,46.79433593452815,37.66015393816055,0.09574629936116279
2022-04-19,43.435743026502976,42.36048664336351,0.22306457690060422
2022-04-20,32.44565693594345,36.19424832412293,0.13555747286606112
2022-04-21,40.129931984248636,48.49589300287473,0.18135673447417794
2022-04-22,36.74514456947554,41.148812049996025,0.21249867853099713
2022-04-23,43.42722985575209,35.24951142573223,0.14483763477125608
2022-04-24,40.087768965742214,45.190015506631994,0.20279461534921323
2022-04-25,39.530672034418316,36.091782600232996,0.15949950769739105
2022-04-26,36.53936323760394,42.01598926273445,0.12480957944538944
2022-04-27,41.749463403922064,38.031511891359855,0.14874515422410003
2022-04-28,40.81474711256324,35.52381350257974,0.1505643701593426
2022-04-29,34.28051190880472,44.02531636838662,0.15753520693999634
2022-04-30,36.09256134732143,40.26749789301191,0.1478584110710543
2022-05-01,35.242464811308785,37.87383862367059,0.16793679577204007
2022-05-02,36.47479525176949,38.2959188069765,0.1502910384287146
2022-05-03,34.827983671294184,38.50918517318138,0.2706843763253723
2022-05-04,35.40799694496615,42.063790058663685,0.1254095423559593
2022-05-05,37.59262236907319,42.13802129496746,0.13393434494858442
2022-05-06,34.2095226425147,45.04720519463268,0.24907207158357866
2022-05-07,44.1891847659947,39.38395978652859,0.16337938342114405
2022-05-08,36.00484420548469,41.99834093076765,0.11147594136448657
2022-05-09,43.467429524693515,51.52354334211249,0.13284842040698816
2022-05-10,44.417814131970644,32.36531601971104,0.17870033153450426
2022-05-11,42.5786245133283,45.95834450319101,0.1775558148388392
2022-05-12,33.64231719184991,42.02873996284397,0.1275029119104491
2022-05-13,43.98965924919967,42.0545542881466,0.16266381427472082
2022-05-14,44.15642319929984,39.789922217342244,0.10906312133984505
2022-05-15,39.60568099481349,36.63177427821206,0.0803043720289744
2022-05-16,39.719039663115225,47.33868489351258,0.15591015916330206
2022-05-17,42.1772275129138,47.97022324538638,0.08461965942904935
2022-05-18,42.17310807506507,42.36451806384443,0.12592208518007217
2022-05-19,47.824422193599325,31.670598056028563,0.16454250248785846
2022-05-20,39.91164489931821,36.35069880284299,0.11146854939045384
2022-05-21,45.01162762449055,42.61393080093703,0.0691819833212568
2022-05-22,42.232014812766174,37.39822203451146,0.18302515288933044
2022-05-23,32.10547950308612,45.40325971333951,0.07996048186670995
2022-05-24,35.57094431694017,44.871887439417485,0.19507699466818051
2022-05-25,36.346083792910036,42.11907876746844,0.17579014179430602
2022-05-26,43.69548569325768,41.82483348869792,0.20720509461177933
2022-05-27,40.02631527114926,39.55079679443827,0.2012464259497671
2022-05-28,45.903326977596336,42.20732558017869,0.12074663024218274
2022-05-29,35.85909419155807,36.26201898842249,0.16445552563209542
2022-05-30,40.91111577027918,43.581151264075174,0.17393659280836252
2022-05-31,41.71124941815209,39.628686603108754,0.12643911353647636
2022-06-01,37.901425107864924,43.6787580823967,0.17116509252264758
2022-06-02,35.11248500622488,42.12441481515684,0.16848099922039717
2022-06-03,36.94172717938318,52.240517612356356,0.17448662481446342
2022-06-04,31.746925953857424,46.445629031141166,0.15731691799446268
2022-06-05,44.91510177101572,36.04629080533,0.16110797672471436
2022-06-06,49.775708428588416,42.62469697429846,0.14655587070041123
2022-06-07,49.19803985913066,32.80830176128998,0.16080872162818816
2022-06-08,39.50779117966667,45.72020786124819,0.04281011213392544
2022-06-09,39.352686506179964,46.51798266234546,0.15336274348920062
2022-06-10,41.94738302204307,45.206854939395875,0.18779459820347583
2022-06-11,34.28399896239907,40.94370548937026,0.183052050023523
2022-06-12,44.08121534135487,38.563503995644695,0.18337596560717176
2022-06-13,45.87013949796173,49.83575248035196,0.13750380095727138
2022-06-14,40.74027563527249,37.50920272184145,0.14568171230875882
2022-06-15,47.078392112620655,41.12805553619421,0.19450132137488432
2022-06-16,40.77956469855938,38.08705862513033,0.1264787194835474
2022-06-17,31.596616478799106,35.74923185946493,0.10732281921007196
2022-06-18,39.912428283561866,27.055443400717603,0.08620201802056907
2022-06-19,47.99488164172628,38.52783709928983,0.1404716574259781
2022-06-20,31.850083988102227,48.75817980451276,0.2148114380967066
2022-06-21,42.700465381402005,46.01614979747072,0.1960188857905458
2022-06-22,40.94985613582055,47.60506762967987,0.1695228183098592
2022-06-23,42.28774603997803,36.1017453148484,0.15015550085607324
2022-06-24,34.029097205494736,35.56173505639655,0.15329684884406009
2022-06-25,55.132288421818316,38.77680290737462,0.14218880949065565
2022-06-26,40.11876857396868,33.9880943948221,0.0840068179578936
2022-06-27,40.41630776754343,39.18064254266367,0.14405894229216193
2022-06-28,35.223428782093904,39.34920626766062,0.1264043422297474
2022-06-29,33.77377669452736,40.69571444677889,0.11965684718594133
2022-06-30,38.848089022904134,42.50584747996142,0.13940620011923308
2022-07-01,46.412937616582,40.76213834804372,0.15412194638661672
2022-07-02,46.68603881114627,38.05569950805559,0.15062552240092353
2022-07-03,37.20846783968105,44.84750833284743,0.14042154683738242
2022-07-04,43.81557349457872,40.364227600374356,0.15176762959939372
2022-07-05,39.90696600673863,43.56944390520313,0.10429295169089456
2022-07-06,41.73047834424579,43.65077087413369,0.10057836911576365
2022-07-07,40.50438835269014,44.608004028033506,0.1305406682687523
2022-07-08,38.56089005326258,32.3032645820853,0.10105992098059013
2022-07-09,46.34673346638696,41.8134004836908,0.17783005986707337
2022-07-10,45.0338083350342,46.698214986716025,0.18732107871438916
2022-07-11,40.8808399891167,48.900109810346294,0.14776740021660525
2022-07-12,36.89386547312515,40.283314144138885,0.1990922167468349
2022-07-13,45.19980199833084,41.614135707991636,0.13990762986748134
2022-07-14,51.71453777816757,47.1676491407821,0.14650868045382384
2022-07-15,47.251389056651995,45.06553407587532,0.16367577030088862
2022-07-16,47.1787943366584,47.27225426262093,0.1409736211545236
2022-07-17,41.00412726484463,36.05547311442553,0.08734355446454989
2022-07-18,39.31964268503452,41.56164228386368,0.14762752875111015
2022-07-19,34.64715331017191,47.8419857407889,0.1249034597680326
2022-07-20,46.63251941670973,41.765962157393744,0.0856494327946515
2022-07-21,44.39119993608985,36.19167886617335,0.10499606080433005
2022-07-22,44.42879241611705,37.4242482010529,0.11678586432801459
2022-07-23,43.10480323410066,46.073367085076235,0.20831665575213676
2022-07-24,42.696438815307545,33.61016475612486,0.12731716479587354
2022-07-25,38.66613920408477,43.389559229513594,0.11292326944347775
2022-07-26,51.72338374031814,37.09879863365053,0.11501563878869228
2022-07-27,40.88171698101651,43.20493512937168,0.19696179098475336
2022-07-28,45.888186067913765,46.9784304860469,0.17297721630804597
2022-07-29,35.10309700082929,41.98979405920517,0.20378934841938195
2022-07-30,37.09750582256798,42.70721089139572,0.11339091161098003
2022-07-31,49.825954757056415,36.59616928791674,0.13586863313678088
2022-08-01,41.02844829575288,36.19687186331879,0.17811113110714966
2022-08-02,41.96144908356255,44.5087681269314,0.19224600365201366
2022-08-03,41.08813798447255,37.637101958085054,0.11822574650030937
2022-08-04,39.22029650097822,36.95589412243826,0.16119074253659496
2022-08-05,43.94041706439326,41.022256478065515,0.1279800104618441
2022-08-06,42.68808869757916,38.93270946814262,0.24679719372874054
2022-08-07,36.52096920137389,42.52173267043666,0.07445261790976516
2022-08-08,46.4162546098355,41.82863756111206,0.13493185195699303
2022-08-09,34.40430630179384,42.08658015890117,0.14440624839206007
2022-08-10,34.71875911752623,44.4138860500775,0.08902607052809461
2022-08-11,43.42161203671583,45.44925554412346,0.1989267662497803
2022-08-12,39.30778179006225,32.76326462031036,0.10527624770558457
2022-08-13,32.322076111511855,47.302829905604156,0.13900353300028442
2022-08-14,39.93326093956284,36.06707996927477,0.20121729624004545
2022-08-15,41.77223332746779,45.9622188770187,0.19116382800142304
2022-08-16,34.96614686474562,41.33657971244318,0.13951170156293052
2022-08-17,38.058464692738106,49.78572187511409,0.13132218787490207
2022-08-18,45.69653926296705,43.975452833640986,0.15772274902818548
2022-08-19,36.432729004819215,38.14636887929943,0.16325799560631177
2022-08-20,44.938793127167465,43.825567023223805,0.13892366070334483
2022-08-21,51.470229076573666,42.202821249198564,0.11806707917315053
2022-08-22,34.340515839574756,38.58899527964567,0.14226928252803805
2022-08-23,42.45027350039655,38.003527422437614,0.2528538899213615
2022-08-24,39.884366373218754,46.18325634712674,0.15013382405888706
2022-08-25,44.25410008402174,32.457753878460615,0.17636769756127715
2022-08-26,26.616844326971233,39.255972293545724,0.12364067990351678
2022-08-27,30.333376283357982,42.806115486687716,0.13521935015259692
2022-08-28,43.21996951025829,36.50932056044655,0.16870120047376513
2022-08-29,41.44412942618626,47.18617820337987,0.14741737026192686
2022-08-30,42.56085149626981,44.74284991700984,0.14367345969534873
2022-08-31,35.106199700787286,36.865752347025506,0.19503724706273642
2022-09-01,36.480718693296154,33.926593527685476,0.2278698408621065
2022-09-02,48.882683670225305,37.846673708392586,0.11387239816840282
2022-09-03,48.65833133001274,42.606002091896315,0.1897089798457547
2022-09-04,44.76064013971305,41.25900698803809,0.12213526241620756
2022-09-05,41.78481247773273,48.51845116756579,0.10649273050922681
2022-09-06,43.73089482944988,33.696404814313205,0.11666221826956547
2022-09-07,47.01744662332042,42.99551554090616,0.10982055084470771
2022-09-08,37.77277218181654,41.65758525474685,0.15037420749185512
2022-09-09,35.92736960752088,38.544866169734405,0.20466786480986654
2022-09-10,38.04575118269661,49.39402709556047,0.09157577780827218
2022-09-11,39.61497994941826,41.24629884550136,0.13946739900943214
2022-09-12,44.55379077252459,42.06899415478419,0.12890750954791658
2022-09-13,45.99150489754905,47.02298014995109,0.1376412934235423
2022-09-14,42.68119381944459,42.09462821861698,0.1693451889034607
2022-09-15,36.83910019906038,45.4010509995078,0.13382042262455554
2022-09-16,37.51896696291732,39.02141918356068,0.10089128151203458
2022-09-17,41.35199089104249,32.78443821322357,0.16235008931553255
2022-09-18,46.22236131949124,31.285428466272272,0.23871802060290687
2022-09-19,43.81735916396655,48.136409993350156,0.1514688787068968
2022-09-20,45.29495106665523,32.38500002600161,0.13123248468112594
2022-09-21,39.91459918277535,39.29883985241326,0.13539714338469638
2022-09-22,46.16751466758022,42.61405033939513,0.2346258414535241
2022-09-23,32.093013388824545,59.28830172422284,0.2652003802029933
2022-09-24,42.139015797019,39.436393474864786,0.22111904388608067
2022-09-25,33.652281135803996,44.06174137643691,0.10796059870113228
2022-09-26,41.376892624522384,44.733791847004994,0.11357138013983956
2022-09-27,39.549303716331146,47.16160781707025,0.15765894364612293
2022-09-28,44.2851202437454,39.0658984357574,0.20489686736968743
2022-09-29,36.28777389118916,46.630701992117594,0.1656437459290398
2022-09-30,38.92136062597941,41.633370755042435,0.11234997942477215
2022-10-01,43.11161911116119,43.108278082697865,0.17618573812601385
2022-10-02,47.356870403770785,36.68947422974745,0.1894546560688811
2022-10-03,38.80752588719426,37.95247015588009,0.18967373795769357
2022-10-04,39.4064931937758,36.228604091836914,0.19020074090887845
2022-10-05,35.18814085239462,40.07731335301035,0.17096752162591786
2022-10-06,44.11299956053123,42.131471858090045,0.1564251042570136
2022-10-07,42.34784061359021,39.42694544007735,0.11764235949426477
2022-10-08,44.122310210683885,43.91113280096889,0.1661339035928639
2022-10-09,44.896753465235385,37.98064500736864,0.13134872883141135
2022-10-10,40.544493519602476,45.97599795687106,0.17892794010793278
2022-10-11,41.01612765722616,40.47812819446475,0.21973764154819125
2022-10-12,43.78811859415313,38.941546853600094,0.13836562178261905
2022-10-13,42.236641427987685,42.144374526480526,0.20102434248333262
2022-10-14,42.31606100273358,36.132589064087064,0.15377278416302345
2022-10-15,34.17145690774831,42.714691245186394,0.11589595935822822
2022-10-16,36.354631388492976,41.931671558368926,0.10090715230928951
2022-10-17,59.88077038279825,42.321895829751,0.14321203203234345
2022-10-18,43.518997283804126,41.45390503137084,0.14120125135247769
2022-10-19,37.44487237569756,41.991958852710816,0.09541759111198378
2022-10-20,28.28868214565726,36.273112896813615,0.21308694363771255
2022-10-21,38.06509469068055,40.67236898265856,0.1708614388019543
2022-10-22,45.36948597320141,33.00943188401648,0.18963099271616551
2022-10-23,38.8586544084025,31.938740740206974,0.13136427076142532
2022-10-24,45.57532527360153,40.34500313843138,0.20353859974980962
2022-10-25,42.47294046299775,39.306817789834746,0.2450926594852347
2022-10-26,42.03064775541829,45.602757252790965,0.15144662458659355
2022-10-27,42.22686659083468,31.844882894041945,0.21915006522438085
2022-10-28,43.70342930240987,42.143900316895056,0.20720811613610707
2022-10-29,46.01369116772054,53.36152698214758,0.14499613061157396
2022-10-30,36.21738618769854,26.0824306421047,0.24200148424835144
2022-10-31,38.68996550223519,40.42154386749944,0.18858383182291255
2022-11-01,39.41871676656645,41.263501547445756,0.19399623602373478
2022-11-02,34.5858022394999,44.940768759635475,0.1941846927565542
2022-11-03,42.616677438348376,43.68391137440736,0.17120522373388644
2022-11-04,43.222976951736506,45.65329768081447,0.2533201350169361
2022-11-05,33.19491983497385,37.685228502445305,0.14112729452945055
2022-11-06,37.806502947116755,40.6225673200701,0.1865937256087381
2022-11-07,35.81194690987415,42.511900358554506,0.250263540400105
2022-11-08,40.91858236562617,40.4291352681178,0.15605033730864643
2022-11-09,46.55388940557499,35.207714999040256,0.08991614280294807
2022-11-10,37.39701923924191,44.25133053593231,0.15162689601617552
2022-11-11,36.58028480155599,37.617239562273305,0.19089465998977884
2022-11-12,37.754528827614855,41.17525501536272,0.20628585385034398
2022-11-13,46.30354201503762,37.00837809733926,0.1900437534116962
2022-11-14,40.87585402401473,25.354726938080745,0.21504545440711081
2022-11-15,38.57345011451629,37.379024734191525,0.14286039242379875
2022-11-16,44.88191001301824,37.6609958926499,0.17800559719840472
2022-11-17,40.825762239829075,37.06245319172435,0.22336530978938018
2022-11-18,34.725107604815115,31.986201959397583,0.22434818970650375
2022-11-19,34.58934299478542,37.146480367300015,0.17353947624035707
2022-11-20,41.33028089282133,34.93548560985792,0.13662953334878375
2022-11-21,41.10050772334061,34.43067376968785,0.15522460161874385
2022-11-22,37.842780588474014,35.865212904360206,0.08976217325628749
2022-11-23,39.99517274467324,46.62145454288882,0.08600119567803287
2022-11-24,41.54974314292879,36.788956983855975,0.12552986723443854
2022-11-25,36.722280070610964,28.623935443906156,0.12389611023102343
2022-11-26,39.400294496008925,32.370909448471416,0.2012015461475643
2022-11-27,32.011344355229625,35.2398263824944,0.17167938840986383
2022-11-28,39.20498889178015,37.12802989854688,0.11001956721779294
2022-11-29,39.75413716357424,44.76793188371194,0.08524326931509586
2022-11-30,46.24898194781174,40.41653817300561,0.19772462001456576
2022-12-01,32.35291221580016,37.961136302921226,0.13498896129234353
2022-12-02,33.840209907827,37.24694137630581,0.10585107331684171
2022-12-03,42.36226141156707,41.302173035411954,0.12149128381132587
2022-12-04,34.10646068192535,41.93275777127245,0.14376115965156408
2022-12-05,29.2584548024469,35.97352936090035,0.23160019185517275
2022-12-06,31.540546773915313,31.996224707438962,0.1123168773103276
2022-12-07,26.365108763867937,24.85954529225063,0.20457058069688888
2022-12-08,47.42053678033578,22.02935109072802,0.1779186539008055
2022-12-09,33.60918317075098,39.689019693361665,0.14864001291663684
2022-12-10,142.64163207171674,34.07544630803484,0.14985743735673132
2022-12-11,29.579364527000457,32.47112026768795,0.15814964837104786
2022-12-12,35.726960660464954,36.8483872867781,0.17181010095309107
2022-12-13,38.65311672223348,33.334145180516664,0.1377785793703966
2022-12-14,34.6105642760849,40.55823350622894,0.16217445611297693
2022-12-15,32.45809822053603,36.1594800375554,0.2082178652709451
2022-12-16,32.8369270078775,31.344658166413183,0.1946949382304316
2022-12-17,31.71347095273996,40.278872654031545,0.17530424365518094
2022-12-18,36.69124621912193,38.579932339902044,0.15020280826550153
2022-12-19,37.19002511677113,39.81230359287893,0.09256388061823262
2022-12-20,34.61887962150916,37.48763358558969,0.18607392717720844
2022-12-21,23.691132636757878,28.03886110125427,0.12094569143285001
2022-12-22,38.756936528729064,35.671980025633054,0.09373858741554081
2022-12-23,33.43705220940178,28.047164184452896,0.18370054934334923
2022-12-24,29.16028963143294,27.79249903488377,0.14633630406107603
2022-12-25,26.616710279917285,30.964340225607927,0.18129086066650132
2022-12-26,31.884509930059583,31.719241590108197,0.07166051960676172
2022-12-27,36.11666300522944,35.380021697656765,0.15964615863009368
2022-12-28,30.767207096933106,32.547525247326185,0.15343963645826597
2022-12-29,38.931363044025034,35.95159543331023,0.1687496248232747
2022-12-30,33.65503192454645,42.496576455687084,0.1361205786352645
2022-12-31,33.37291232943177,37.7207071302431,0.13551234788233124
2023-01-01,39.83344875533085,30.674766429043956,0.15136656797117704
2023-01-02,32.01177544790524,37.81085913285135,0.22272698754201253
2023-01-03,32.74526403444302,35.541033247941435,0.2088290312563505
2023-01-04,34.906354635193665,42.62313362779373,0.1407807442906861
2023-01-05,44.36221233192748,39.925056535735976,0.14378068774531877
2023-01-06,40.90754126822764,33.06061128461135,0.13762564410344927
2023-01-07,39.5236505110384,33.14046344773157,0.13428392135765096
2023-01-08,35.72182194838103,37.709955827448994,0.11358117343557647
2023-01-09,33.485131117598414,30.50876353538483,0.19535621876702397
2023-01-10,37.23943898648979,34.00905948550199,0.16981313014037117
2023-01-11,38.00355255572134,35.03019307531785,0.18925875504029466
2023-01-12,40.5816852015359,40.42389204531216,0.10751717566623319
2023-01-13,32.092361911843795,35.51417023286298,0.1706899315233544
2023-01-14,27.13385676694041,34.91376608756585,0.16306626879509423
2023-01-15,27.12595427557102,35.09727260767981,0.13698712558506582
2023-01-16,33.81943578894022,42.844238535752254,0.16316285809463912
2023-01-17,37.63817476425632,27.454024731670376,0.14496937193776332
2023-01-18,34.033653784062224,34.13471104110273,0.11679196517454554
2023-01-19,34.96997528179075,36.16090265220265,0.1421596080679952
2023-01-20,42.479837311047916,32.45293324540302,0.22199401723691453
2023-01-21,35.400201221974804,38.714379769669804,0.15477793402942844
2023-01-22,28.904762212201717,20.314303931925657,0.20063400988690502
2023-01-23,37.84967883214409,24.928499468943066,0.17880867185079957
2023-01-24,36.06156080060126,30.734612190191818,0.1590765252078527
2023-01-25,33.213563709644276,42.02097006361071,0.15987587329103772
2023-01-26,37.58632492971739,38.29207359907395,0.18678847777894253
2023-01-27,36.13828231916516,41.68779101408399,0.2296403848453208
2023-01-28,38.53047148866624,39.213819566202645,0.12738399998018723
2023-01-29,40.244201065703905,38.113222964016245,0.20188791502178427
2023-01-30,34.58944980723844,36.40146601214571,0.20298128654616482
2023-01-31,31.402310823368577,40.12463808723642,0.18391221987653783
2023-02-01,44.03135226202967,41.975673203398905,0.253793457041896
2023-02-02,33.46184895122335,39.22350282327955,0.10256319315723365
2023-02-03,34.3318189142896,30.364860104392072,0.1711909953797489
2023-02-04,33.98096266078248,36.26590085449787,0.12367040956244504
2023-02-05,35.11541242107498,33.871456869742616,0.2579386285812012
2023-02-06,42.57534280751984,38.06795116348295,0.1628763606244142
2023-02-07,40.97909220250107,36.914233079281615,0.13302812963132066
2023-02-08,39.86721314587698,39.384855110194266,0.18135509942190287
2023-02-09,34.285491556831175,28.982301651117076,0.12233303508453572
2023-02-10,37.65996695353414,41.00089343606142,0.1580921317372833
2023-02-11,32.79677207921813,39.88329796239326,0.13964065273031143
2023-02-12,39.505213696784296,33.5598283407877,0.13692795226618243
2023-02-13,31.483056341242694,37.03192193874263,0.14845081646755304
2023-02-14,40.30013787289422,29.83096281093729,0.16650235018989998
2023-02-15,27.853937835836888,34.15670633469752,0.12215385473853632
2023-02-16,40.410492247405465,34.70240115934972,0.137787172157539
2023-02-17,35.73168541459614,42.94220559042104,0.15767005240005424
2023-02-18,45.21999079602941,38.09718727463323,0.19115349778751858
2023-02-19,45.13047430298878,39.87614350776103,0.1200626838534636
2023-02-20,51.73755500639032,30.297190488695577,0.23863616255108158
2023-02-21,32.66692988277083,36.39626728616699,0.11607177648148433
2023-02-22,34.39957479164832,41.34730311486821,0.23543037062519245
2023-02-23,38.28310632694189,34.36228339936443,0.12699795305757205
2023-02-24,33.31327120577043,39.14515003118507,0.2332876477254739
2023-02-25,27.28762922818072,36.49507940283151,0.1455840799979201
2023-02-26,40.75346951998048,40.250773984507305,0.1263075174598522
2023-02-27,41.135519519954855,38.98716562099797,0.161001086003535
2023-02-28,31.18324065961719,39.35377571148532,0.17976956860012366
2023-03-01,36.33278764992333,35.959778959503986,0.11791226370454289
2023-03-02,40.21048230818582,49.4900247799362,0.20977921440876734
2023-03-03,41.2050606601084,41.1302413358201,0.1231176291724162
2023-03-04,43.54000624252693,38.55724027697522,0.19438601624296642
2023-03-05,37.79590018956332,36.82819967686741,0.13520476444186974
2023-03-06,55.215753129763954,36.41034180242552,0.17455367430835403
2023-03-07,35.08197652712689,33.80093721209939,0.13943190170538966
2023-03-08,43.63237037576553,37.90800843728495,0.2126202866743766
2023-03-09,42.49324460795724,38.674159278970066,0.16902388635184357
2023-03-10,39.74675439409485,46.053085160235185,0.1634144229740756
2023-03-11,34.60240280305606,43.6302410620473,0.13441004950725616
2023-03-12,43.13790010953229,40.853234953404495,0.17770151496675674
2023-03-13,42.528534917821766,41.314616723917055,0.15128279485633903
2023-03-14,47.35954138939694,32.779772164848204,0.15722300925361732
2023-03-15,36.80805574686821,47.07641555678771,0.2313101170806397
2023-03-16,42.8986066168508,38.915598671812084,0.1392731310462067
2023-03-17,42.2053964716175,38.35299456428489,0.09975777422821577
2023-03-18,44.67100256020272,46.93549235474504,0.23774357875289154
2023-03-19,43.729636719326066,40.6382406963899,0.14508385128807172
2023-03-20,32.35250549807843,34.355304923682766,0.2049160125125657
2023-03-21,39.54960503052817,52.23403112651875,0.1989569390118061
2023-03-22,34.666869226153864,40.33150476118748,0.17548233403760796
2023-03-23,44.49894843139124,35.01193529852928,0.11849359325874909
2023-03-24,42.17155539437475,38.783322026482026,0.12782995514566292
2023-03-25,30.658343539122015,38.92416738101848,0.12355878218875767
2023-03-26,35.63733157755614,43.762560879102104,0.12937518753252386
2023-03-27,33.75704549318753,35.144951895135975,0.1338152045727835
2023-03-28,46.141629924055295,44.59104135527251,0.12015762721181789
2023-03-29,36.1659896474811,39.630705001531766,0.2215553962422609
2023-03-30,29.313031008426787,41.692061357130186,0.11258644008574509
2023-03-31,35.025132362042775,46.557107046732106,0.15242800191764616
2023-04-01,40.12288963378673,44.01410222160921,0.16470392489759927
2023-04-02,41.78280201027233,34.16329975043792,0.12209606758463837
2023-04-03,43.17959704908321,44.54778330468484,0.1200880966023084
2023-04-04,36.58948827886844,37.191132401260894,0.12203072270743376
2023-04-05,34.90052540582811,43.578754380880056,0.16778274503748286
2023-04-06,44.44863090225801,44.0047127335424,0.17368636255329314
2023-04-07,40.557471985078124,45.13389867939712,0.17594651564757793
2023-04-08,34.51497277460141,36.713462264829204,0.1931914040670411
2023-04-09,43.90652418655206,47.15877149598795,0.11110487007237392
2023-04-10,43.68691556305257,42.791907237280704,0.11970706009879069
2023-04-11,37.09123990028611,46.33599378218284,0.1515610752445964
2023-04-12,46.55109521695154,44.8861493874343,0.1474454694332814
2023-04-13,34.99957583346193,42.50965116465852,0.16758351352072376
2023-04-14,51.039973904461945,36.54671291004612,0.20358289381392916
2023-04-15,46.35797293444462,45.91868537881083,0.15338939603649687
2023-04-16,39.94330473911157,37.103361900611674,0.15982090950904787
2023-04-17,44.05274331389154,39.706390149912934,0.19268465096706291
2023-04-18,46.32691355367784,43.04601980196555,0.0962717237626511
2023-04-19,48.066234658960845,39.58902686345017,0.12940933175967342
2023-04-20,47.167782178062666,43.1032216474369,0.14111634575392296
2023-04-21,55.09127780025838,41.160229309697414,0.20692080651045264
2023-04-22,47.26701651289865,40.150460225544066,0.12474107807842455
2023-04-23,42.25456469574761,42.27146502331063,0.18470712550717913
2023-04-24,43.0768226538051,43.38095456373114,0.22174859500069907
2023-04-25,41.7522571689087,36.30633040103741,0.1486164872318355
2023-04-26,47.753033272607276,45.97214077936812,0.22062058150396952
2023-04-27,41.84653962851708,46.216743547344336,0.10216555480168558
2023-04-28,38.581728113200526,40.38491735894181,0.15259381976702632
2023-04-29,42.31153811884795,44.339660906863344,0.13491331481039673
2023-04-30,38.29654655247005,40.34919586653062,0.173801821998121
2023-05-01,37.80403566547843,35.003135068926284,0.13220958715724088
2023-05-02,47.68275771037544,45.29974274618762,0.14447202514233584
2023-05-03,48.344041253418176,38.926916714910334,0.1693141730663892
2023-05-04,49.03410871788903,52.02663070490985,0.17243664360637156
2023-05-05,37.43022163504352,44.5891594537984,0.11707966121909577
2023-05-06,45.811530240166206,45.875029523623205,0.162345780554145
2023-05-07,47.93795946812422,43.78911288720518,0.14253369884640474
2023-05-08,37.83607640796254,40.40707355100085,0.12368777177576398
2023-05-09,46.38790088409347,41.49202828043573,0.16512755208808208
2023-05-10,45.42042944050399,42.47578576433068,0.08938927019485893
2023-05-11,44.416479370994864,47.485243919663866,0.1792262477159247
2023-05-12,40.079098603806095,41.940483844081626,0.16876047621628495
2023-05-13,42.44127035416426,41.02393520474968,0.14557303662181928
2023-05-14,36.024781127727024,45.70188552646386,0.1122770147491482
2023-05-15,43.22159667906051,39.21502789935566,0.20121781424725288
2023-05-16,42.09812495525174,49.8330319561789,0.1261693094277829
2023-05-17,35.528917386841584,40.61885843595451,0.21076014097051657
2023-05-18,45.009151521781206,40.19593841198677,0.12115594792073894
2023-05-19,42.36174431863539,49.176700256443084,0.16936927640828972
2023-05-20,48.77278978605303,51.97667964335446,0.07392338464518747
2023-05-21,35.306008024419505,44.030848792151055,0.14033604191552054
2023-05-22,41.06221880732405,37.33471910484265,0.18143420031582747
2023-05-23,55.796264253428305,50.47996941790725,0.15835206689536285
2023-05-24,42.96390879841372,45.2949568088632,0.14634996535697983
2023-05-25,39.0357759804156,39.08961903405737,0.15946202252087238
2023-05-26,45.909269782503024,48.54645530295112,0.1449264100360878
2023-05-27,47.45849921781376,37.87336464166523,0.19547402334206793
2023-05-28,45.91943511638911,43.725982962706226,0.1372348332122864
2023-05-29,39.37982913333974,42.0093261442275,0.12411158774769357
2023-05-30,42.96206766180175,47.489446595751375,0.07402495319413481
2023-05-31,47.84148584875602,41.71279991863301,0.15993541917892656
2023-06-01,46.900395650475815,43.356071801185564,0.04248911598943318
2023-06-02,45.858517978125406,49.493932867942945,0.12025581304297997
2023-06-03,48.784360976478666,38.783918932113906,0.17278364794254134
2023-06-04,38.130508818688625,42.63809232854247,0.195538602823289
2023-06-05,46.61123893224921,40.244727600496724,0.1461730540482835
2023-06-06,50.29731630873878,47.18210434529099,0.14759969640036136
2023-06-07,37.03854966016749,48.03779849804381,0.10359798086470368
2023-06-08,57.803259971871924,41.061770920226714,0.1505042566300145
2023-06-09,44.067698854956994,35.575843402248566,0.17049945239856906
2023-06-10,47.63417968871556,59.52783055879203,0.1538595220457605
2023-06-11,46.83807957035646,47.55489488253115,0.22653048339629167
2023-06-12,41.291048559667686,49.76404201796485,0.17274532070885112
2023-06-13,43.61117692375697,44.347039785114916,0.20427782664284666
2023-06-14,40.17215796812171,37.716748158408706,0.11809767384880408
2023-06-15,45.75588140200631,51.29657827858202,0.17696274195384756
2023-06-16,44.870752962933665,40.240822586996856,0.07406034824226536
2023-06-17,39.50534399959435,49.06791165156735,0.19798710802546685
2023-06-18,50.458322285955546,55.00424640972467,0.18391796329931706
2023-06-19,46.19313792138707,40.91851289363207,0.09465462684773754
2023-06-20,43.322561999500735,43.25504280673982,0.12058199501337037
2023-06-21,52.94325569437126,48.05335767139527,0.15743093418855042
2023-06-22,43.54409238734301,42.275732118247475,0.12199095883625126
2023-06-23,42.87823297792901,49.83914466385356,0.1351329271559153
2023-06-24,47.151013948102964,44.94652253620393,0.21931866109327244
2023-06-25,41.00446386416462,48.96407270364227,0.20041179063142403
2023-06-26,36.678786971320676,47.00284039051637,0.23830634050745686
2023-06-27,49.82746771039747,44.857603361405786,0.18999018110560706
2023-06-28,38.01042013418282,53.7517403263335,0.1654380761755088
2023-06-29,39.82431889348913,40.567955102217624,0.13632236722209073
2023-06-30,51.95475293760603,46.288893255600584,0.15020170067818261
2023-07-01,44.46370316261631,40.977792208599915,0.12674178094208022
2023-07-02,44.890460797689464,44.417445691089696,0.19426249017450284
2023-07-03,42.753231564572935,53.657263816561446,0.0790037191936492
2023-07-04,48.2518182024709,42.66814490725258,0.07521898689935946
2023-07-05,43.91346895152551,43.2322698644967,0.13496242653275428
2023-07-06,55.49115587096477,45.24682553559303,0.15409168079717087
2023-07-07,44.80719714910717,42.22992457357691,0.18006712121548915
2023-07-08,41.05963334484414,47.28494942558555,0.11628061362207448
2023-07-09,42.80487140036369,42.01517518923355,0.16879944656348414
2023-07-10,43.316375732777814,42.27017333540969,0.1384028487357029
2023-07-11,48.85798610230146,38.48805395468621,0.17078114012245202
2023-07-12,47.387825437935234,41.802312246705476,0.15011324975181903
2023-07-13,43.13195925417044,41.511001220429485,0.11763397416976838
2023-07-14,43.00751283364261,47.121622288198566,0.1286996197618184
2023-07-15,43.575537200345984,44.70479322413774,0.13216793306705507
2023-07-16,42.5504300054058,46.340222540554564,0.18284843602620754
2023-07-17,45.66836464795181,51.715712087033985,0.0753514023764783
2023-07-18,50.69070079122889,42.59579338350045,0.10987779087470675
2023-07-19,45.38337627740946,42.07577482143856,0.14615471604717295
2023-07-20,46.046016029709385,43.758155166254674,0.22769854972002915
2023-07-21,51.3149746367012,40.5064542106196,0.13893487639070026
2023-07-22,48.103865158098984,46.26221840553628,0.1340447704460061
2023-07-23,46.83022225619441,47.61726432905519,0.11491883252209402
2023-07-24,44.95982254876962,49.58608493589404,0.1273320906040899
2023-07-25,47.3769384273123,42.859368945082544,0.10839475690709419
2023-07-26,39.14590151664222,42.858854281804696,0.08908150834829828
2023-07-27,45.46646944988633,37.32085646174913,0.1969022763556975
2023-07-28,45.07242916727731,45.43971585129786,0.10703503548567714
2023-07-29,48.07926422522475,45.69367077283243,0.24719000403584362
2023-07-30,37.79829506970975,42.18878654213297,0.15777924824497433
2023-07-31,42.08882096703753,41.43079121437914,0.10569933430743492
2023-08-01,52.507024347561575,43.6880545187318,0.18903657355155662
2023-08-02,47.15184530026887,42.37221433551137,0.10907239433337586
2023-08-03,46.123773480688826,51.244972100054,0.10334528374841714
2023-08-04,40.48268848489782,47.82079603497157,0.22573524057754346
2023-08-05,42.298834391874124,46.8154478031098,0.08782578456477502
2023-08-06,47.00756315888715,38.664942300697334,0.15397099730729544
2023-08-07,50.179921226633176,46.86242058892644,0.14770575418418327
2023-08-08,40.504731422550165,38.92525038496508,0.17181684040774037
2023-08-09,46.672013597373535,43.780246741009776,0.15824877738358564
2023-08-10,47.43374042712277,50.0811427203583,0.16546465081274384
2023-08-11,43.30604884015602,47.92188436587168,0.09865253954663665
2023-08-12,48.932896868107676,49.295260910647386,0.12204056772453709
2023-08-13,41.473422213544225,40.45103757324594,0.18396112227789124
2023-08-14,41.941346515882756,47.876463160966885,0.08488226772502046
2023-08-15,43.18430241696346,48.73282552751305,0.12873426756552384
2023-08-16,38.0778072884244,54.76985320383304,0.12651230432806904
2023-08-17,56.39217798986677,54.890552588114694,0.11521247926189335
2023-08-18,41.09204903685202,49.06395014639556,0.17426913134873412
2023-08-19,44.06146123872385,46.02284383516515,0.18821159436354104
2023-08-20,41.60698304861922,49.25587064898049,0.15835003976528614
2023-08-21,42.89290726189233,47.79911087712043,0.1923078740584173
2023-08-22,38.60652255456162,49.27348046019346,0.1725057141658793
2023-08-23,51.37882957120875,42.15203687883118,0.11189499827571078
2023-08-24,39.736605660077046,39.717352434500306,0.22536489124710643
2023-08-25,51.112638220139374,49.89074098998474,0.1125054828163053
2023-08-26,50.843018657993746,32.93881069569001,0.18466357397315242
2023-08-27,50.54684099595099,38.40850250159849,0.14076693957085135
2023-08-28,34.13868486530453,46.187528994884715,0.17640422393756572
2023-08-29,40.410637608000606,47.77742962234886,0.13023996819728567
2023-08-30,38.376585349577724,43.37126763801676,0.16947724848748727
2023-08-31,42.382704419285886,52.27970279305177,0.18660661128736272
2023-09-01,46.65668110150156,29.676793694234046,0.14089175086693762
2023-09-02,39.57783834278101,46.92650760487841,0.12455169120383014
2023-09-03,37.09891607661585,49.527766262119314,0.12530467820576074
2023-09-04,47.861541475866304,38.75914286192801,0.1536342978114061
2023-09-05,39.51214870642908,45.78613523357019,0.1733354890360017
2023-09-06,32.31940314919073,50.43202918331741,0.1533197888468219
2023-09-07,43.14071120987485,41.69058873615761,0.2073113413571317
2023-09-08,39.3307720140681,50.64516775802832,0.20036917022628575
2023-09-09,44.625757699210475,42.99625057843853,0.14120953450851503
2023-09-10,37.17368087598946,44.71504614698071,0.21377498238313222
2023-09-11,36.85977328904891,49.911823838048335,0.18598339605583397
2023-09-12,47.616864783230156,38.59856835995396,0.12670469479887284
2023-09-13,56.28752350745153,44.102354667322246,0.1550676194391288
2023-09-14,41.12604842253089,32.24665756136082,0.12088297628847164
2023-09-15,56.82394183424333,35.01524959924322,0.1673229089183819
2023-09-16,42.01808685782346,45.83954166378333,0.14926643455958896
2023-09-17,45.77990896056612,46.94281109943901,0.14028327844727798
2023-09-18,44.87181001460701,37.97230758761585,0.12468174231397262
2023-09-19,50.67221654899811,45.07653090637659,0.194775529021905
2023-09-20,38.64159791477692,32.170864338914875,0.12400629921477185
2023-09-21,54.042179781687075,44.412056274806645,0.14878220417706045
2023-09-22,39.939150856133345,40.988840235962066,0.16526146894767857
2023-09-23,40.2650730404919,41.969945639765314,0.08708406413053252
2023-09-24,35.474596868854995,39.22858382661917,0.16126274292470072
2023-09-25,49.049649248152306,45.909136900642714,0.16865188378693666
2023-09-26,44.00823261747232,39.66277633739107,0.1460156083043469
2023-09-27,38.44188618324621,46.43652625121393,0.11101456049532954
2023-09-28,49.616977245334915,36.321502459940106,0.11329141875047866
2023-09-29,47.94592248848163,42.14993146892364,0.14604754538101256
2023-09-30,50.383287894307166,36.294239174826984,0.1522701738238104
2023-10-01,47.552536769396696,51.09516379539285,0.15517121888554417
2023-10-02,39.13640031972478,44.904715662144426,0.20343817922537205
2023-10-03,42.23526546430078,39.61918271521594,0.13261085475427453
2023-10-04,48.48465383371922,43.23158104842015,0.12435997931747506
2023-10-05,42.302575611613285,52.312096749094735,0.11361697742047756
2023-10-06,39.79111831762943,33.39391343585009,0.1394922135726327
2023-10-07,42.392315487490016,49.79253494048578,0.09875352285151778
2023-10-08,50.09454017330953,56.832600262072766,0.2079892648228384
2023-10-09,37.21308606070866,45.53840549709605,0.14324182458482163
2023-10-10,41.49210880234634,39.554598770327516,0.1357192014136869
2023-10-11,45.06675556784587,44.94821477243818,0.16932137371925512
2023-10-12,46.826308739223926,43.22859495590815,0.13852057185459427
2023-10-13,52.09839300074654,46.58768863446532,0.08610727304266692
2023-10-14,49.5956249063473,41.96851618891216,0.19826175966112358
2023-10-15,49.176469556229144,37.01872831985434,0.17103506769621465
2023-10-16,40.60061474308736,37.71511355714032,0.12671461788216892
2023-10-17,47.770787047846625,46.0369825945021,0.12888084398086191
2023-10-18,39.85800273609401,42.3068197025579,0.17275491675882315
2023-10-19,36.79876989914425,33.89003266820859,0.09565682478560117
2023-10-20,40.26670424422357,33.734386888924085,0.1876101706687919
2023-10-21,32.27646638539444,48.126714334179646,0.1436359073240501
2023-10-22,34.110823147103055,49.74874531973254,0.12024871934057726
2023-10-23,41.28753484122849,47.382165936236255,0.1035300402877364
2023-10-24,39.02027364463339,46.90956055855117,0.22625433566944209
2023-10-25,41.538635881888624,33.1003228811466,0.1896717610246465
2023-10-26,38.58872768318591,41.79851405584142,0.1686044335515016
2023-10-27,36.98880549438559,41.377036059332625,0.14937193769920856
2023-10-28,52.16229484034676,44.71204699331592,0.23024726050555186
2023-10-29,39.61638012552352,39.17919543590523,0.17479529381202563
2023-10-30,53.190954417520835,39.95517951245836,0.09996034906127194
2023-10-31,54.88654629996364,45.46527711280376,0.14750824029102538
2023-11-01,46.055178874405556,30.321325681892784,0.1500569269334277
2023-11-02,42.96823501350512,45.20225152235079,0.18371501045923666
2023-11-03,38.88190871013137,46.31865311585492,0.15212538542003845
2023-11-04,44.655792883171976,39.60502727086106,0.18789799849485667
2023-11-05,41.73875105170754,39.3773695792932,0.07163426646575294
2023-11-06,35.124008323372934,35.54257769022171,0.19384017141225732
2023-11-07,35.975611817646524,45.91536636631474,0.21511438892343313
2023-11-08,31.604893047385826,43.42137568845605,0.21589748031650124
2023-11-09,33.24169896212989,43.95336876028199,0.1933471397227624
2023-11-10,46.51608281370047,43.50244221165373,0.16446968393162995
2023-11-11,33.23241622843745,33.887246342623676,0.19499444309983543
2023-11-12,42.49558875834926,40.51293072261048,0.14789015447802564
2023-11-13,40.77918082933712,33.731574350462736,0.13055738406772174
2023-11-14,41.09610939283097,47.65155365008459,0.12411264089715635
2023-11-15,32.30266731277329,39.76497573680875,0.1460725576418617
2023-11-16,38.64822628864278,39.76972922753561,0.1235211306593135
2023-11-17,43.176268252153065,41.482777796771884,0.17308372203237485
2023-11-18,38.58402996360193,39.51813231207741,0.1774630135465705
2023-11-19,42.71757457828302,36.001502408901914,0.12346339400786777
2023-11-20,42.26538398282428,42.94514359037987,0.12577015344399728
2023-11-21,42.90749107839858,41.43058463187374,0.22526102868811235
2023-11-22,38.73204996384503,40.43894292589115,0.18068237147212513
2023-11-23,39.61155048475247,40.22454170193359,0.23000264764879175
2023-11-24,37.34625002494489,34.62651685812076,0.13807463502574208
2023-11-25,33.558230838875176,37.52472671558901,0.21760438407078958
2023-11-26,34.83604486379191,38.411030630660164,0.19535433382029332
2023-11-27,37.62423806194747,35.43410845242896,0.15729458690679113
2023-11-28,29.65098546661652,32.962363348713346,0.19117569133502432
2023-11-29,39.820458395572516,40.72832999682823,0.1782550746129824
2023-11-30,31.061207537320062,45.44375067535166,0.1505324553677728
2023-12-01,44.428112800132986,38.08299166175735,0.11639961923637954
2023-12-02,40.71310017579895,37.62572435584075,0.13812057156738194
2023-12-03,35.75509135757316,35.538999306476185,0.2253441143159104
2023-12-04,42.36044856894576,42.14713715221555,0.20838678861357093
2023-12-05,38.762610148463864,42.02748158623918,0.14560537538450716
2023-12-06,40.88127621221321,41.23627542949493,0.14936641084961474
2023-12-07,43.48004440522645,45.28558622603706,0.15386398078183566
2023-12-08,33.823979310805285,32.16146779695225,0.06112184180249229
2023-12-09,36.18928703959938,35.56846801964796,0.1646148372892013
2023-12-10,33.70390881960017,39.280724154252056,0.175531545871938
2023-12-11,36.19815919823888,38.497907833363534,0.13796370109929876
2023-12-12,32.30299850846743,30.55846412838582,0.11862552391832136
2023-12-13,47.819713472057764,32.36006357022656,0.09943387764675157
2023-12-14,40.064402010753945,41.68740470670552,0.20114239509080983
2023-12-15,41.651634549307246,37.09351404297374,0.1480554019320695
2023-12-16,41.63180293145069,41.505189095883246,0.1371325118425059
2023-12-17,34.9642162136369,43.56686233728439,0.17917210937365083
2023-12-18,30.469366505310735,31.169237197738934,0.15209102684036804
2023-12-19,31.298582857581984,47.96039625983337,0.1987719444406171
2023-12-20,34.585318497949714,28.902282952567006,0.1278377208054028
2023-12-21,44.31753569942063,35.2306111099356,0.20449848646718427
2023-12-22,33.55763910932035,36.96673580816033,0.29253410107956584
2023-12-23,42.3282612109791,41.41370709283426,0.11038497477548796
2023-12-24,31.974254640767317,41.197058779272886,0.15214361690512193
2023-12-25,34.54742057481616,30.878136294149204,0.12012742689029046
2023-12-26,36.458542732312026,31.2176430361303,0.23786315071992137
2023-12-27,30.98264289296985,33.596464773298706,0.16217477468252714
2023-12-28,29.600848205051587,36.97083123352221,0.11150624080694285
2023-12-29,38.21178313447781,29.765183150565754,0.15636955908464717
2023-12-30,33.88945861048219,31.13245101010719,0.17190195992834492
